,Date,monthly_return_per,president
0,1871-02-28,1.3513513513513424,Ulysses S. Grant
1,1871-03-31,2.4444444444444513,Ulysses S. Grant
2,1871-04-30,2.819956616052058,Ulysses S. Grant
3,1871-05-31,2.531645569620255,Ulysses S. Grant
4,1871-06-30,-0.8230452674897125,Ulysses S. Grant
5,1871-07-31,-1.867219917012445,Ulysses S. Grant
6,1871-08-31,1.2684989429175393,Ulysses S. Grant
7,1871-09-30,1.0438413361169065,Ulysses S. Grant
8,1871-10-31,-5.1652892561983474,Ulysses S. Grant
9,1871-11-30,1.0893246187363796,Ulysses S. Grant
10,1871-12-31,2.155172413793115,Ulysses S. Grant
11,1872-01-31,2.531645569620255,Ulysses S. Grant
12,1872-02-29,0.41152263374484715,Ulysses S. Grant
13,1872-03-31,3.2786885245901667,Ulysses S. Grant
14,1872-04-30,2.7777777777777715,Ulysses S. Grant
15,1872-05-31,0.0,Ulysses S. Grant
16,1872-06-30,-0.965250965250962,Ulysses S. Grant
17,1872-07-31,-0.5847953216374318,Ulysses S. Grant
18,1872-08-31,-1.1764705882352864,Ulysses S. Grant
19,1872-09-30,-1.785714285714283,Ulysses S. Grant
20,1872-10-31,0.40404040404039543,Ulysses S. Grant
21,1872-11-30,-0.4024144869215206,Ulysses S. Grant
22,1872-12-31,2.4242424242424265,Ulysses S. Grant
23,1873-01-31,0.788954635108482,Ulysses S. Grant
24,1873-02-28,0.7827788649706464,Ulysses S. Grant
25,1873-03-31,-0.7766990291262142,Ulysses S. Grant
26,1873-04-30,-1.3698630136986356,Ulysses S. Grant
27,1873-05-31,0.19841269841269418,Ulysses S. Grant
28,1873-06-30,-1.3861386138613743,Ulysses S. Grant
29,1873-07-31,-0.20080321285141917,Ulysses S. Grant
30,1873-08-31,0.0,Ulysses S. Grant
31,1873-09-30,-7.645875251509053,Ulysses S. Grant
32,1873-10-31,-8.714596949891055,Ulysses S. Grant
33,1873-11-30,-3.5799522673031112,Ulysses S. Grant
34,1873-12-31,9.405940594059404,Ulysses S. Grant
35,1874-01-31,5.42986425339367,Ulysses S. Grant
36,1874-02-28,3.0042918454935554,Ulysses S. Grant
37,1874-03-31,-1.4583333333333208,Ulysses S. Grant
38,1874-04-30,-2.748414376321369,Ulysses S. Grant
39,1874-05-31,-2.608695652173896,Ulysses S. Grant
40,1874-06-30,-0.4464285714285817,Ulysses S. Grant
41,1874-07-31,0.0,Ulysses S. Grant
42,1874-08-31,0.22421524663676654,Ulysses S. Grant
43,1874-09-30,1.5659955257270757,Ulysses S. Grant
44,1874-10-31,-0.22026431718061204,Ulysses S. Grant
45,1874-11-30,0.8830022075055195,Ulysses S. Grant
46,1874-12-31,-0.6564551422319529,Ulysses S. Grant
47,1875-01-31,0.0,Ulysses S. Grant
48,1875-02-28,-0.22026431718061204,Ulysses S. Grant
49,1875-03-31,1.3245033112582694,Ulysses S. Grant
50,1875-04-30,1.307189542483671,Ulysses S. Grant
51,1875-05-31,-3.8709677419354964,Ulysses S. Grant
52,1875-06-30,-2.0134228187919434,Ulysses S. Grant
53,1875-07-31,0.22831050228310015,Ulysses S. Grant
54,1875-08-31,0.4555808656036552,Ulysses S. Grant
55,1875-09-30,-0.9070294784580506,Ulysses S. Grant
56,1875-10-31,-1.601830663615567,Ulysses S. Grant
57,1875-11-30,1.6279069767441927,Ulysses S. Grant
58,1875-12-31,0.0,Ulysses S. Grant
59,1876-01-31,2.0594965675057177,Ulysses S. Grant
60,1876-02-29,1.345291479820619,Ulysses S. Grant
61,1876-03-31,-0.22123893805309267,Ulysses S. Grant
62,1876-04-30,-3.769401330376939,Ulysses S. Grant
63,1876-05-31,-3.6866359447004644,Ulysses S. Grant
64,1876-06-30,-0.7177033492822814,Ulysses S. Grant
65,1876-07-31,-1.2048192771084507,Ulysses S. Grant
66,1876-08-31,-4.146341463414622,Ulysses S. Grant
67,1876-09-30,-6.106870229007639,Ulysses S. Grant
68,1876-10-31,-0.542005420054201,Ulysses S. Grant
69,1876-11-30,-1.9073569482288784,Ulysses S. Grant
70,1876-12-31,-0.555555555555556,Ulysses S. Grant
71,1877-01-31,-0.8379888268156493,Ulysses S. Grant
72,1877-02-28,-5.915492957746478,Ulysses S. Grant
73,1877-03-31,-5.089820359281435,Ulysses S. Grant
74,1877-04-30,-7.2555205047318605,Rutherford B. Hayes
75,1877-05-31,0.0,Rutherford B. Hayes
76,1877-06-30,-7.142857142857142,Rutherford B. Hayes
77,1877-07-31,4.3956043956043995,Rutherford B. Hayes
78,1877-08-31,7.017543859649113,Rutherford B. Hayes
79,1877-09-30,6.229508196721325,Rutherford B. Hayes
80,1877-10-31,2.1604938271604888,Rutherford B. Hayes
81,1877-11-30,-1.5105740181268963,Rutherford B. Hayes
82,1877-12-31,-0.3067484662576622,Rutherford B. Hayes
83,1878-01-31,0.0,Rutherford B. Hayes
84,1878-02-28,-2.153846153846149,Rutherford B. Hayes
85,1878-03-31,1.8867924528301903,Rutherford B. Hayes
86,1878-04-30,2.7777777777777732,Rutherford B. Hayes
87,1878-05-31,0.30030030030029387,Rutherford B. Hayes
88,1878-06-30,2.0958083832335417,Rutherford B. Hayes
89,1878-07-31,2.0527859237536608,Rutherford B. Hayes
90,1878-08-31,-0.8620689655172358,Rutherford B. Hayes
91,1878-09-30,2.028985507246372,Rutherford B. Hayes
92,1878-10-31,-1.1363636363636374,Rutherford B. Hayes
93,1878-11-30,-0.28735632183907434,Rutherford B. Hayes
94,1878-12-31,-0.5763688760806921,Rutherford B. Hayes
95,1879-01-31,3.7681159420289823,Rutherford B. Hayes
96,1879-02-28,3.631284916201114,Rutherford B. Hayes
97,1879-03-31,-1.617250673854449,Rutherford B. Hayes
98,1879-04-30,3.2876712328767157,Rutherford B. Hayes
99,1879-05-31,4.509283819628646,Rutherford B. Hayes
100,1879-06-30,0.5076142131979701,Rutherford B. Hayes
101,1879-07-31,2.020202020202022,Rutherford B. Hayes
102,1879-08-31,0.7425742574257487,Rutherford B. Hayes
103,1879-09-30,3.6855036855036722,Rutherford B. Hayes
104,1879-10-31,10.90047393364929,Rutherford B. Hayes
105,1879-11-30,5.341880341880342,Rutherford B. Hayes
106,1879-12-31,-0.20283975659228778,Rutherford B. Hayes
107,1880-01-31,3.861788617886187,Rutherford B. Hayes
108,1880-02-29,1.76125244618395,Rutherford B. Hayes
109,1880-03-31,1.9230769230769162,Rutherford B. Hayes
110,1880-04-30,-2.264150943396228,Rutherford B. Hayes
111,1880-05-31,-7.915057915057918,Rutherford B. Hayes
112,1880-06-30,0.4192872117400517,Rutherford B. Hayes
113,1880-07-31,4.592901878914399,Rutherford B. Hayes
114,1880-08-31,3.5928143712574974,Rutherford B. Hayes
115,1880-09-30,-0.19267822736032128,Rutherford B. Hayes
116,1880-10-31,2.895752895752903,Rutherford B. Hayes
117,1880-11-30,5.253283302063794,Rutherford B. Hayes
118,1880-12-31,4.099821746880562,Rutherford B. Hayes
119,1881-01-31,5.993150684931516,Rutherford B. Hayes
120,1881-02-28,-0.32310177705978127,Rutherford B. Hayes
121,1881-03-31,1.1345218800648345,Rutherford B. Hayes
122,1881-04-30,-0.3205128205128279,James A. Garfield
123,1881-05-31,4.5016077170418045,James A. Garfield
124,1881-06-30,1.2307692307692317,James A. Garfield
125,1881-07-31,-3.495440729483289,James A. Garfield
126,1881-08-31,-2.3622047244094406,James A. Garfield
127,1881-09-30,0.8064516129032229,James A. Garfield
128,1881-10-31,-1.5999999999999945,Chester A. Arthur
129,1881-11-30,0.6504065040650412,Chester A. Arthur
130,1881-12-31,-2.9079159935379737,Chester A. Arthur
131,1882-01-31,-1.4975041597337746,Chester A. Arthur
132,1882-02-28,-2.1959459459459443,Chester A. Arthur
133,1882-03-31,-0.17271157167529858,Chester A. Arthur
134,1882-04-30,0.0,Chester A. Arthur
135,1882-05-31,-1.2110726643598664,Chester A. Arthur
136,1882-06-30,-0.5253940455341549,Chester A. Arthur
137,1882-07-31,5.633802816901413,Chester A. Arthur
138,1882-08-31,2.9999999999999956,Chester A. Arthur
139,1882-09-30,0.9708737864077751,Chester A. Arthur
140,1882-10-31,-2.724358974358973,Chester A. Arthur
141,1882-11-30,-4.283360790774311,Chester A. Arthur
142,1882-12-31,0.5163511187607616,Chester A. Arthur
143,1883-01-31,-0.5136986301369906,Chester A. Arthur
144,1883-02-28,-2.2375215146299468,Chester A. Arthur
145,1883-03-31,1.2323943661971881,Chester A. Arthur
146,1883-04-30,2.086956521739132,Chester A. Arthur
147,1883-05-31,-1.7035775127768402,Chester A. Arthur
148,1883-06-30,0.8665511265164769,Chester A. Arthur
149,1883-07-31,-1.546391752577317,Chester A. Arthur
150,1883-08-31,-4.537521815008738,Chester A. Arthur
151,1883-09-30,1.0968921389396802,Chester A. Arthur
152,1883-10-31,-2.712477396021706,Chester A. Arthur
153,1883-11-30,1.4869888475836444,Chester A. Arthur
154,1883-12-31,-2.1978021978021998,Chester A. Arthur
155,1884-01-31,-2.996254681647943,Chester A. Arthur
156,1884-02-29,2.702702702702714,Chester A. Arthur
157,1884-03-31,-0.3759398496240688,Chester A. Arthur
158,1884-04-30,-4.528301886792456,Chester A. Arthur
159,1884-05-31,-8.102766798418958,Chester A. Arthur
160,1884-06-30,-4.086021505376352,Chester A. Arthur
161,1884-07-31,0.0,Chester A. Arthur
162,1884-08-31,6.278026905829602,Chester A. Arthur
163,1884-09-30,-3.1645569620253235,Chester A. Arthur
164,1884-10-31,-3.2679738562091387,Chester A. Arthur
165,1884-11-30,-2.0270270270270436,Chester A. Arthur
166,1884-12-31,-0.2298850574712595,Chester A. Arthur
167,1885-01-31,-2.30414746543778,Chester A. Arthur
168,1885-02-28,3.066037735849054,Chester A. Arthur
169,1885-03-31,0.2288329519450752,Chester A. Arthur
170,1885-04-30,-0.22831050228310015,Grover Cleveland
171,1885-05-31,-1.1441647597253963,Grover Cleveland
172,1885-06-30,-0.4629629629629736,Grover Cleveland
173,1885-07-31,3.720930232558143,Grover Cleveland
174,1885-08-31,5.605381165919283,Grover Cleveland
175,1885-09-30,-1.273885350318463,Grover Cleveland
176,1885-10-31,5.806451612903216,Grover Cleveland
177,1885-11-30,6.504065040650413,Grover Cleveland
178,1885-12-31,-0.7633587786259549,Grover Cleveland
179,1886-01-31,0.0,Grover Cleveland
180,1886-02-28,1.9230769230769162,Grover Cleveland
181,1886-03-31,-2.075471698113197,Grover Cleveland
182,1886-04-30,-1.3487475915221634,Grover Cleveland
183,1886-05-31,-1.9531250000000104,Grover Cleveland
184,1886-06-30,4.581673306772918,Grover Cleveland
185,1886-07-31,1.5238095238095253,Grover Cleveland
186,1886-08-31,0.7504690431519707,Grover Cleveland
187,1886-09-30,2.607076350093104,Grover Cleveland
188,1886-10-31,2.540834845735038,Grover Cleveland
189,1886-11-30,2.4778761061946843,Grover Cleveland
190,1886-12-31,-2.5906735751295398,Grover Cleveland
191,1887-01-31,-1.0638297872340359,Grover Cleveland
192,1887-02-28,-0.7168458781362014,Grover Cleveland
193,1887-03-31,2.346570397111911,Grover Cleveland
194,1887-04-30,2.2927689594356244,Grover Cleveland
195,1887-05-31,1.7241379310344922,Grover Cleveland
196,1887-06-30,-2.8813559322033884,Grover Cleveland
197,1887-07-31,-2.4432809773124005,Grover Cleveland
198,1887-08-31,-2.5044722719141266,Grover Cleveland
199,1887-09-30,-1.2844036697247758,Grover Cleveland
200,1887-10-31,-3.345724907063192,Grover Cleveland
201,1887-11-30,1.9230769230769162,Grover Cleveland
202,1887-12-31,-0.5660377358490614,Grover Cleveland
203,1888-01-31,0.7590132827324485,Grover Cleveland
204,1888-02-29,-0.5649717514124174,Grover Cleveland
205,1888-03-31,-3.7878787878787907,Grover Cleveland
206,1888-04-30,0.3937007874015664,Grover Cleveland
207,1888-05-31,1.372549019607849,Grover Cleveland
208,1888-06-30,-3.094777562862672,Grover Cleveland
209,1888-07-31,2.594810379241515,Grover Cleveland
210,1888-08-31,2.1400778210116793,Grover Cleveland
211,1888-09-30,2.476190476190474,Grover Cleveland
212,1888-10-31,-0.5576208178438709,Grover Cleveland
213,1888-11-30,-2.0560747663551298,Grover Cleveland
214,1888-12-31,-1.9083969465648956,Grover Cleveland
215,1889-01-31,1.9455252918288042,Grover Cleveland
216,1889-02-28,1.1450381679389239,Grover Cleveland
217,1889-03-31,-2.075471698113197,Grover Cleveland
218,1889-04-30,-0.19267822736032128,Benjamin Harrison
219,1889-05-31,2.702702702702714,Benjamin Harrison
220,1889-06-30,1.6917293233082678,Benjamin Harrison
221,1889-07-31,-2.0332717190388228,Benjamin Harrison
222,1889-08-31,1.3207547169811376,Benjamin Harrison
223,1889-09-30,2.420856610800743,Benjamin Harrison
224,1889-10-31,-1.818181818181812,Benjamin Harrison
225,1889-11-30,-0.925925925925939,Benjamin Harrison
226,1889-12-31,-0.5607476635513899,Benjamin Harrison
227,1890-01-31,1.1278195488721732,Benjamin Harrison
228,1890-02-28,-1.1152416356877253,Benjamin Harrison
229,1890-03-31,-0.7518796992481209,Benjamin Harrison
230,1890-04-30,2.0833333333333224,Benjamin Harrison
231,1890-05-31,4.267161410018561,Benjamin Harrison
232,1890-06-30,-0.7117437722419936,Benjamin Harrison
233,1890-07-31,-0.7168458781362014,Benjamin Harrison
234,1890-08-31,-2.346570397111911,Benjamin Harrison
235,1890-09-30,-1.6635859519408478,Benjamin Harrison
236,1890-10-31,-4.5112781954887256,Benjamin Harrison
237,1890-11-30,-7.283464566929136,Benjamin Harrison
238,1890-12-31,-2.3354564755838707,Benjamin Harrison
239,1891-01-31,5.2173913043478315,Benjamin Harrison
240,1891-02-28,1.2396694214876136,Benjamin Harrison
241,1891-03-31,-1.8367346938775662,Benjamin Harrison
242,1891-04-30,3.3264033264033293,Benjamin Harrison
243,1891-05-31,-0.4024144869215206,Benjamin Harrison
244,1891-06-30,-2.020202020202031,Benjamin Harrison
245,1891-07-31,-1.6494845360824757,Benjamin Harrison
246,1891-08-31,3.3542976939203384,Benjamin Harrison
247,1891-09-30,8.113590263691691,Benjamin Harrison
248,1891-10-31,0.0,Benjamin Harrison
249,1891-11-30,-1.5009380863039414,Benjamin Harrison
250,1891-12-31,3.0476190476190506,Benjamin Harrison
251,1892-01-31,1.8484288354898273,Benjamin Harrison
252,1892-02-29,0.1814882032667838,Benjamin Harrison
253,1892-03-31,1.0869565217391397,Benjamin Harrison
254,1892-04-30,-0.17921146953404637,Benjamin Harrison
255,1892-05-31,0.0,Benjamin Harrison
256,1892-06-30,-0.5385996409335772,Benjamin Harrison
257,1892-07-31,0.0,Benjamin Harrison
258,1892-08-31,1.4440433212996402,Benjamin Harrison
259,1892-09-30,-2.4911032028469693,Benjamin Harrison
260,1892-10-31,2.0072992700729824,Benjamin Harrison
261,1892-11-30,-0.3577817531305827,Benjamin Harrison
262,1892-12-31,-1.0771992818671543,Benjamin Harrison
263,1893-01-31,1.8148820326678865,Benjamin Harrison
264,1893-02-28,-1.7825311942959097,Benjamin Harrison
265,1893-03-31,-3.629764065335757,Benjamin Harrison
266,1893-04-30,0.0,Grover Cleveland
267,1893-05-31,-8.851224105461391,Grover Cleveland
268,1893-06-30,-4.75206611570247,Grover Cleveland
269,1893-07-31,-9.327548806941444,Grover Cleveland
270,1893-08-31,-2.392344497607647,Grover Cleveland
271,1893-09-30,7.107843137254903,Grover Cleveland
272,1893-10-31,2.9748283752860387,Grover Cleveland
273,1893-11-30,1.555555555555562,Grover Cleveland
274,1893-12-31,-3.5010940919037226,Grover Cleveland
275,1894-01-31,-2.040816326530609,Grover Cleveland
276,1894-02-28,1.3888888888888797,Grover Cleveland
277,1894-03-31,2.9680365296803632,Grover Cleveland
278,1894-04-30,1.3303769401330487,Grover Cleveland
279,1894-05-31,-3.7199124726477004,Grover Cleveland
280,1894-06-30,-1.3636363636363749,Grover Cleveland
281,1894-07-31,-2.0737327188940062,Grover Cleveland
282,1894-08-31,3.7647058823529442,Grover Cleveland
283,1894-09-30,1.5873015873015939,Grover Cleveland
284,1894-10-31,-3.1250000000000124,Grover Cleveland
285,1894-11-30,0.0,Grover Cleveland
286,1894-12-31,-0.9216589861751161,Grover Cleveland
287,1895-01-31,-1.1627906976744147,Grover Cleveland
288,1895-02-28,-1.4117647058823437,Grover Cleveland
289,1895-03-31,0.0,Grover Cleveland
290,1895-04-30,4.2959427207637155,Grover Cleveland
291,1895-05-31,5.491990846681927,Grover Cleveland
292,1895-06-30,1.9522776572668081,Grover Cleveland
293,1895-07-31,0.4255319148936079,Grover Cleveland
294,1895-08-31,1.4830508474576332,Grover Cleveland
295,1895-09-30,0.6263048016701513,Grover Cleveland
296,1895-10-31,-1.4522821576763543,Grover Cleveland
297,1895-11-30,-3.3684210526315814,Grover Cleveland
298,1895-12-31,-5.882352941176461,Grover Cleveland
299,1896-01-31,-1.1574074074074239,Grover Cleveland
300,1896-02-29,4.215456674473082,Grover Cleveland
301,1896-03-31,-1.5730337078651748,Grover Cleveland
302,1896-04-30,0.9132420091324209,Grover Cleveland
303,1896-05-31,-0.4524886877827958,Grover Cleveland
304,1896-06-30,-1.8181818181818195,Grover Cleveland
305,1896-07-31,-6.481481481481486,Grover Cleveland
306,1896-08-31,-5.693069306930693,Grover Cleveland
307,1896-09-30,5.24934383202099,Grover Cleveland
308,1896-10-31,2.244389027431418,Grover Cleveland
309,1896-11-30,6.829268292682933,Grover Cleveland
310,1896-12-31,-3.6529680365296837,Grover Cleveland
311,1897-01-31,0.0,Grover Cleveland
312,1897-02-28,-0.9478672985782,Grover Cleveland
313,1897-03-31,0.23923444976078173,Grover Cleveland
314,1897-04-30,-3.102625298329374,William McKinley
315,1897-05-31,0.4926108374384351,William McKinley
316,1897-06-30,4.656862745098027,William McKinley
317,1897-07-31,4.449648711943803,William McKinley
318,1897-08-31,6.502242152466368,William McKinley
319,1897-09-30,4.842105263157904,William McKinley
320,1897-10-31,-3.2128514056224926,William McKinley
321,1897-11-30,-3.526970954356845,William McKinley
322,1897-12-31,2.1505376344085945,William McKinley
323,1898-01-31,2.7368421052631557,William McKinley
324,1898-02-28,-0.20491803278688087,William McKinley
325,1898-03-31,-4.517453798767962,William McKinley
326,1898-04-30,-1.720430107526883,William McKinley
327,1898-05-31,6.56455142231947,William McKinley
328,1898-06-30,3.901437371663234,William McKinley
329,1898-07-31,0.3952569169960566,William McKinley
330,1898-08-31,3.7401574803149504,William McKinley
331,1898-09-30,-0.18975332068310793,William McKinley
332,1898-10-31,-2.0912547528517003,William McKinley
333,1898-11-30,3.300970873786406,William McKinley
334,1898-12-31,6.203007518796993,William McKinley
335,1899-01-31,7.610619469026543,William McKinley
336,1899-02-28,3.7828947368420978,William McKinley
337,1899-03-31,1.4263074484944651,William McKinley
338,1899-04-30,1.250000000000001,William McKinley
339,1899-05-31,-4.166666666666673,William McKinley
340,1899-06-30,-2.254428341384858,William McKinley
341,1899-07-31,3.459637561779241,William McKinley
342,1899-08-31,2.5477707006369448,William McKinley
343,1899-09-30,-1.0869565217391348,William McKinley
344,1899-10-31,-0.47095761381476053,William McKinley
345,1899-11-30,1.89274447949527,William McKinley
346,1899-12-31,-6.81114551083592,William McKinley
347,1900-01-31,1.328903654485051,William McKinley
348,1900-02-28,1.8032786885245955,William McKinley
349,1900-03-31,0.8051529790660197,William McKinley
350,1900-04-30,1.2779552715654963,William McKinley
351,1900-05-31,-4.731861198738168,William McKinley
352,1900-06-30,-2.980132450331121,William McKinley
353,1900-07-31,0.0,William McKinley
354,1900-08-31,1.3651877133105812,William McKinley
355,1900-09-30,-2.356902356902366,William McKinley
356,1900-10-31,3.6206896551724133,William McKinley
357,1900-11-30,7.820299500831958,William McKinley
358,1900-12-31,6.018518518518514,William McKinley
359,1901-01-31,2.911208151382826,William McKinley
360,1901-02-28,2.545968882602542,William McKinley
361,1901-03-31,3.586206896551721,William McKinley
362,1901-04-30,8.388814913448746,William McKinley
363,1901-05-31,-5.036855036855038,William McKinley
364,1901-06-30,9.961190168175932,William McKinley
365,1901-07-31,-6.705882352941179,William McKinley
366,1901-08-31,1.387137452711216,William McKinley
367,1901-09-30,-0.4975124378109347,William McKinley
368,1901-10-31,-1.1249999999999982,Theodore Roosevelt
369,1901-11-30,2.149178255372945,Theodore Roosevelt
370,1901-12-31,-1.6089108910891077,Theodore Roosevelt
371,1902-01-31,2.1383647798742014,Theodore Roosevelt
372,1902-02-28,0.862068965517245,Theodore Roosevelt
373,1902-03-31,0.1221001221001195,Theodore Roosevelt
374,1902-04-30,3.4146341463414775,Theodore Roosevelt
375,1902-05-31,-0.23584905660376854,Theodore Roosevelt
376,1902-06-30,-0.5910165484633653,Theodore Roosevelt
377,1902-07-31,2.2592152199762126,Theodore Roosevelt
378,1902-08-31,2.674418604651168,Theodore Roosevelt
379,1902-09-30,0.2265005662514108,Theodore Roosevelt
380,1902-10-31,-3.1638418079095976,Theodore Roosevelt
381,1902-11-30,-3.850641773628939,Theodore Roosevelt
382,1902-12-31,-2.3058252427184405,Theodore Roosevelt
383,1903-01-31,5.093167701863355,Theodore Roosevelt
384,1903-02-28,-0.5910165484633653,Theodore Roosevelt
385,1903-03-31,-3.923900118906065,Theodore Roosevelt
386,1903-04-30,-4.084158415841585,Theodore Roosevelt
387,1903-05-31,-1.9354838709677464,Theodore Roosevelt
388,1903-06-30,-5.526315789473683,Theodore Roosevelt
389,1903-07-31,-4.596100278551534,Theodore Roosevelt
390,1903-08-31,-3.211678832116785,Theodore Roosevelt
391,1903-09-30,-2.4132730015082977,Theodore Roosevelt
392,1903-10-31,-3.2457496136012365,Theodore Roosevelt
393,1903-11-30,0.3194888178913812,Theodore Roosevelt
394,1903-12-31,4.617834394904459,Theodore Roosevelt
395,1904-01-31,1.6742770167427614,Theodore Roosevelt
396,1904-02-29,-2.6946107784431095,Theodore Roosevelt
397,1904-03-31,-0.30769230769230116,Theodore Roosevelt
398,1904-04-30,2.469135802469124,Theodore Roosevelt
399,1904-05-31,-2.108433734939754,Theodore Roosevelt
400,1904-06-30,0.15384615384615058,Theodore Roosevelt
401,1904-07-31,4.147465437788026,Theodore Roosevelt
402,1904-08-31,3.392330383480819,Theodore Roosevelt
403,1904-09-30,4.422253922967196,Theodore Roosevelt
404,1904-10-31,5.874316939890707,Theodore Roosevelt
405,1904-11-30,5.419354838709676,Theodore Roosevelt
406,1904-12-31,0.9791921664626693,Theodore Roosevelt
407,1905-01-31,2.1818181818181785,Theodore Roosevelt
408,1905-02-28,4.3890865954923015,Theodore Roosevelt
409,1905-03-31,2.840909090909091,Theodore Roosevelt
410,1905-04-30,-1.2154696132596816,Theodore Roosevelt
411,1905-05-31,-4.921700223713641,Theodore Roosevelt
412,1905-06-30,1.17647058823529,Theodore Roosevelt
413,1905-07-31,3.1395348837209256,Theodore Roosevelt
414,1905-08-31,3.7204058624577234,Theodore Roosevelt
415,1905-09-30,0.3260869565217515,Theodore Roosevelt
416,1905-10-31,1.4084507042253411,Theodore Roosevelt
417,1905-11-30,-0.5341880341880229,Theodore Roosevelt
418,1905-12-31,2.470461868958095,Theodore Roosevelt
419,1906-01-31,3.4591194968553474,Theodore Roosevelt
420,1906-02-28,-0.7092198581560133,Theodore Roosevelt
421,1906-03-31,-2.4489795918367365,Theodore Roosevelt
422,1906-04-30,-1.3598326359832718,Theodore Roosevelt
423,1906-05-31,-2.651113467656416,Theodore Roosevelt
424,1906-06-30,1.307189542483671,Theodore Roosevelt
425,1906-07-31,-2.5806451612903247,Theodore Roosevelt
426,1906-08-31,7.395143487858719,Theodore Roosevelt
427,1906-09-30,3.0832476875642234,Theodore Roosevelt
428,1906-10-31,-2.9910269192422625,Theodore Roosevelt
429,1906-11-30,2.055498458376149,Theodore Roosevelt
430,1906-12-31,-0.9063444108761315,Theodore Roosevelt
431,1907-01-31,-2.8455284552845463,Theodore Roosevelt
432,1907-02-28,-3.138075313807539,Theodore Roosevelt
433,1907-03-31,-9.827213822894171,Theodore Roosevelt
434,1907-04-30,0.4790419161676758,Theodore Roosevelt
435,1907-05-31,-3.4564958283671143,Theodore Roosevelt
436,1907-06-30,-3.209876543209874,Theodore Roosevelt
437,1907-07-31,3.826530612244907,Theodore Roosevelt
438,1907-08-31,-7.493857493857497,Theodore Roosevelt
439,1907-09-30,-1.0624169986719798,Theodore Roosevelt
440,1907-10-31,-10.872483221476518,Theodore Roosevelt
441,1907-11-30,-5.87349397590361,Theodore Roosevelt
442,1907-12-31,5.1200000000000045,Theodore Roosevelt
443,1908-01-31,4.26179604261795,Theodore Roosevelt
444,1908-02-29,-3.649635036496351,Theodore Roosevelt
445,1908-03-31,4.090909090909098,Theodore Roosevelt
446,1908-04-30,5.385735080058226,Theodore Roosevelt
447,1908-05-31,5.386740331491708,Theodore Roosevelt
448,1908-06-30,0.1310615989515044,Theodore Roosevelt
449,1908-07-31,3.6649214659685896,Theodore Roosevelt
450,1908-08-31,4.2929292929292915,Theodore Roosevelt
451,1908-09-30,-1.0895883777239692,Theodore Roosevelt
452,1908-10-31,1.2239902080783311,Theodore Roosevelt
453,1908-11-30,6.7714631197098,Theodore Roosevelt
454,1908-12-31,2.2650056625141484,Theodore Roosevelt
455,1909-01-31,0.33222591362127507,Theodore Roosevelt
456,1909-02-28,-2.8697571743929338,Theodore Roosevelt
457,1909-03-31,1.3636363636363547,Theodore Roosevelt
458,1909-04-30,4.48430493273543,William Howard Taft
459,1909-05-31,3.326180257510735,William Howard Taft
460,1909-06-30,1.7653167185877456,William Howard Taft
461,1909-07-31,1.4285714285714162,William Howard Taft
462,1909-08-31,2.4144869215291775,William Howard Taft
463,1909-09-30,0.0982318271119822,William Howard Taft
464,1909-10-31,0.39254170755643697,William Howard Taft
465,1909-11-30,-0.48875855327468926,William Howard Taft
466,1909-12-31,1.1787819253438212,William Howard Taft
467,1910-01-31,-2.1359223300970935,William Howard Taft
468,1910-02-28,-3.571428571428566,William Howard Taft
469,1910-03-31,2.469135802469138,William Howard Taft
470,1910-04-30,-2.4096385542168695,William Howard Taft
471,1910-05-31,-1.646090534979425,William Howard Taft
472,1910-06-30,-4.811715481171556,William Howard Taft
473,1910-07-31,-5.054945054945045,William Howard Taft
474,1910-08-31,2.4305555555555447,William Howard Taft
475,1910-09-30,0.6779661016949209,William Howard Taft
476,1910-10-31,4.601571268237937,William Howard Taft
477,1910-11-30,-0.1072961373390535,William Howard Taft
478,1910-12-31,-2.79269602577873,William Howard Taft
479,1911-01-31,2.430939226519324,William Howard Taft
480,1911-02-28,1.7259978425026985,William Howard Taft
481,1911-03-31,-1.1664899257688168,William Howard Taft
482,1911-04-30,-0.42918454935623307,William Howard Taft
483,1911-05-31,2.155172413793115,William Howard Taft
484,1911-06-30,2.004219409282695,William Howard Taft
485,1911-07-31,-0.4136504653567647,William Howard Taft
486,1911-08-31,-4.776739356178617,William Howard Taft
487,1911-09-30,-5.452562704471101,William Howard Taft
488,1911-10-31,0.5767012687427994,William Howard Taft
489,1911-11-30,4.013761467889903,William Howard Taft
490,1911-12-31,0.44101433296581194,William Howard Taft
491,1912-01-31,0.10976948408342246,William Howard Taft
492,1912-02-29,-0.8771929824561412,William Howard Taft
493,1912-03-31,2.876106194690283,William Howard Taft
494,1912-04-30,3.1182795698924637,William Howard Taft
495,1912-05-31,-0.10427528675703635,William Howard Taft
496,1912-06-30,0.0,William Howard Taft
497,1912-07-31,0.1043841336116888,William Howard Taft
498,1912-08-31,2.2940563086548553,William Howard Taft
499,1912-09-30,0.5096839959225171,William Howard Taft
500,1912-10-31,-0.20283975659228778,William Howard Taft
501,1912-11-30,-1.1178861788617829,William Howard Taft
502,1912-12-31,-3.5971223021582697,William Howard Taft
503,1913-01-31,-0.852878464818764,William Howard Taft
504,1913-02-28,-3.5483870967741944,William Howard Taft
505,1913-03-31,-1.8952062430323289,William Howard Taft
506,1913-04-30,-0.1136363636363814,Woodrow Wilson
507,1913-05-31,-2.730375426621143,Woodrow Wilson
508,1913-06-30,-5.029239766081888,Woodrow Wilson
509,1913-07-31,1.3546798029556801,Woodrow Wilson
510,1913-08-31,2.6731470230862557,Woodrow Wilson
511,1913-09-30,0.9467455621301784,Woodrow Wilson
512,1913-10-31,-3.1652989449003472,Woodrow Wilson
513,1913-11-30,-2.542372881355921,Woodrow Wilson
514,1913-12-31,-0.12422360248449146,Woodrow Wilson
515,1914-01-31,4.1044776119403,Woodrow Wilson
516,1914-02-28,1.314217443249716,Woodrow Wilson
517,1914-03-31,-1.8867924528301903,Woodrow Wilson
518,1914-04-30,-2.4038461538461666,Woodrow Wilson
519,1914-05-31,0.6157635467980384,Woodrow Wilson
520,1914-06-30,-0.4895960832313237,Woodrow Wilson
521,1914-07-31,-5.535055350553518,Woodrow Wilson
522,1914-08-31,0.0,Woodrow Wilson
523,1914-09-30,0.0,Woodrow Wilson
524,1914-10-31,0.0,Woodrow Wilson
525,1914-11-30,0.0,Woodrow Wilson
526,1914-12-31,-4.296875000000002,Woodrow Wilson
527,1915-01-31,1.768707482993208,Woodrow Wilson
528,1915-02-28,-1.3368983957219323,Woodrow Wilson
529,1915-03-31,2.574525745257458,Woodrow Wilson
530,1915-04-30,7.529722589167771,Woodrow Wilson
531,1915-05-31,-2.3341523341523387,Woodrow Wilson
532,1915-06-30,1.1320754716981003,Woodrow Wilson
533,1915-07-31,-0.37313432835820104,Woodrow Wilson
534,1915-08-31,4.244694132334581,Woodrow Wilson
535,1915-09-30,3.712574850299407,Woodrow Wilson
536,1915-10-31,5.542725173210167,Woodrow Wilson
537,1915-11-30,3.5010940919037226,Woodrow Wilson
538,1915-12-31,0.21141649048625338,Woodrow Wilson
539,1916-01-31,-1.5822784810126618,Woodrow Wilson
540,1916-02-29,-1.3933547695605657,Woodrow Wilson
541,1916-03-31,-0.3260869565217322,Woodrow Wilson
542,1916-04-30,-1.0905125408942165,Woodrow Wilson
543,1916-05-31,2.205071664829099,Woodrow Wilson
544,1916-06-30,0.9708737864077656,Woodrow Wilson
545,1916-07-31,-1.3888888888888784,Woodrow Wilson
546,1916-08-31,0.7583965330444234,Woodrow Wilson
547,1916-09-30,4.086021505376333,Woodrow Wilson
548,1916-10-31,3.0991735537190155,Woodrow Wilson
549,1916-11-30,2.3046092184368776,Woodrow Wilson
550,1916-12-31,-4.0156709108716955,Woodrow Wilson
551,1917-01-31,-2.3469387755102082,Woodrow Wilson
552,1917-02-28,-5.642633228840134,Woodrow Wilson
553,1917-03-31,3.1007751937984622,Woodrow Wilson
554,1917-04-30,-1.5037593984962465,Woodrow Wilson
555,1917-05-31,-3.3805888767720886,Woodrow Wilson
556,1917-06-30,2.0316027088036086,Woodrow Wilson
557,1917-07-31,-2.765486725663717,Woodrow Wilson
558,1917-08-31,-2.957906712172922,Woodrow Wilson
559,1917-09-30,-4.806565064478314,Woodrow Wilson
560,1917-10-31,-5.418719211822654,Woodrow Wilson
561,1917-11-30,-8.33333333333333,Woodrow Wilson
562,1917-12-31,-3.4090909090909123,Woodrow Wilson
563,1918-01-31,6.029411764705885,Woodrow Wilson
564,1918-02-28,3.051317614424407,Woodrow Wilson
565,1918-03-31,-2.018842530282631,Woodrow Wilson
566,1918-04-30,-0.9615384615384654,Woodrow Wilson
567,1918-05-31,3.1900138696255262,Woodrow Wilson
568,1918-06-30,0.13440860215053477,Woodrow Wilson
569,1918-07-31,0.8053691275167733,Woodrow Wilson
570,1918-08-31,0.9320905459387522,Woodrow Wilson
571,1918-09-30,-0.5277044854881272,Woodrow Wilson
572,1918-10-31,4.244031830238731,Woodrow Wilson
573,1918-11-30,2.5445292620865163,Woodrow Wilson
574,1918-12-31,-1.985111662531019,Woodrow Wilson
575,1919-01-31,-0.6329113924050722,Woodrow Wilson
576,1919-02-28,0.3821656050955446,Woodrow Wilson
577,1919-03-31,3.0456852791878086,Woodrow Wilson
578,1919-04-30,3.3251231527093763,Woodrow Wilson
579,1919-05-31,6.912991656734207,Woodrow Wilson
580,1919-06-30,2.6755852842809387,Woodrow Wilson
581,1919-07-31,3.257328990228001,Woodrow Wilson
582,1919-08-31,-6.729758149316516,Woodrow Wilson
583,1919-09-30,1.578354002254798,Woodrow Wilson
584,1919-10-31,5.105438401775815,Woodrow Wilson
585,1919-11-30,-2.956705385427678,Woodrow Wilson
586,1919-12-31,-2.9379760609357954,Woodrow Wilson
587,1920-01-31,-1.0089686098654693,Woodrow Wilson
588,1920-02-29,-8.267270668176675,Woodrow Wilson
589,1920-03-31,7.03703703703704,Woodrow Wilson
590,1920-04-30,-0.8073817762399109,Woodrow Wilson
591,1920-05-31,-6.279069767441851,Woodrow Wilson
592,1920-06-30,-1.7369727047146473,Woodrow Wilson
593,1920-07-31,-0.12626262626262355,Woodrow Wilson
594,1920-08-31,-3.919089759797731,Woodrow Wilson
595,1920-09-30,3.552631578947375,Woodrow Wilson
596,1920-10-31,0.12706480304955256,Woodrow Wilson
597,1920-11-30,-5.076142131979688,Woodrow Wilson
598,1920-12-31,-8.957219251336909,Woodrow Wilson
599,1921-01-31,4.405286343612345,Woodrow Wilson
600,1921-02-28,-0.7032348804500803,Woodrow Wilson
601,1921-03-31,-2.549575070821526,Woodrow Wilson
602,1921-04-30,0.43604651162791064,Warren G. Harding
603,1921-05-31,3.039073806078147,Warren G. Harding
604,1921-06-30,-8.005617977528095,Warren G. Harding
605,1921-07-31,-0.3053435114503752,Warren G. Harding
606,1921-08-31,-1.225114854517612,Warren G. Harding
607,1921-09-30,2.480620155038762,Warren G. Harding
608,1921-10-31,1.3615733736762459,Warren G. Harding
609,1921-11-30,5.3731343283582005,Warren G. Harding
610,1921-12-31,3.5410764872521248,Warren G. Harding
611,1922-01-31,-0.1367989056087522,Warren G. Harding
612,1922-02-28,2.1917808219178103,Warren G. Harding
613,1922-03-31,3.7533512064343197,Warren G. Harding
614,1922-04-30,6.072351421188638,Warren G. Harding
615,1922-05-31,3.897685749086462,Warren G. Harding
616,1922-06-30,-0.9378663540445497,Warren G. Harding
617,1922-07-31,0.7100591715976391,Warren G. Harding
618,1922-08-31,3.76028202115159,Warren G. Harding
619,1922-09-30,2.6047565118912845,Warren G. Harding
620,1922-10-31,2.207505518763789,Warren G. Harding
621,1922-11-30,-4.967602591792647,Warren G. Harding
622,1922-12-31,-0.22727272727274261,Warren G. Harding
623,1923-01-31,1.3667425968109455,Warren G. Harding
624,1923-02-28,4.269662921348303,Warren G. Harding
625,1923-03-31,1.6163793103448314,Warren G. Harding
626,1923-04-30,-3.4994697773064694,Warren G. Harding
627,1923-05-31,-4.725274725274723,Warren G. Harding
628,1923-06-30,-3.8062283737024227,Warren G. Harding
629,1923-07-31,-3.3573141486810476,Warren G. Harding
630,1923-08-31,0.49627791563274376,Warren G. Harding
631,1923-09-30,0.6172839506172928,Calvin Coolidge
632,1923-10-31,-1.472392638036822,Calvin Coolidge
633,1923-11-30,2.9887920298879234,Calvin Coolidge
634,1923-12-31,3.385731559854911,Calvin Coolidge
635,1924-01-31,3.2748538011695825,Calvin Coolidge
636,1924-02-29,0.4530011325028216,Calvin Coolidge
637,1924-03-31,-1.9165727170236746,Calvin Coolidge
638,1924-04-30,-2.2988505747126355,Calvin Coolidge
639,1924-05-31,-0.3529411764705807,Calvin Coolidge
640,1924-06-30,1.8890200708382543,Calvin Coolidge
641,1924-07-31,4.634994206257225,Calvin Coolidge
642,1924-08-31,3.4330011074197175,Calvin Coolidge
643,1924-09-30,-0.9635974304068506,Calvin Coolidge
644,1924-10-31,-1.297297297297289,Calvin Coolidge
645,1924-11-30,5.585980284775462,Calvin Coolidge
646,1924-12-31,5.39419087136929,Calvin Coolidge
647,1925-01-31,4.133858267716534,Calvin Coolidge
648,1925-02-28,0.8506616257088833,Calvin Coolidge
649,1925-03-31,-2.6241799437675666,Calvin Coolidge
650,1925-04-30,-1.058710298363823,Calvin Coolidge
651,1925-05-31,3.2101167315175108,Calvin Coolidge
652,1925-06-30,1.7907634307257427,Calvin Coolidge
653,1925-07-31,2.7777777777777675,Calvin Coolidge
654,1925-08-31,1.3513513513513546,Calvin Coolidge
655,1925-09-30,2.311111111111109,Calvin Coolidge
656,1925-10-31,3.301476976542144,Calvin Coolidge
657,1925-11-30,3.1118587047939377,Calvin Coolidge
658,1925-12-31,1.6313213703099598,Calvin Coolidge
659,1926-01-31,1.5248796147672512,Calvin Coolidge
660,1926-02-28,0.1581027667984156,Calvin Coolidge
661,1926-03-31,-6.787687450670872,Calvin Coolidge
662,1926-04-30,-2.7942421676545304,Calvin Coolidge
663,1926-05-31,0.6968641114982584,Calvin Coolidge
664,1926-06-30,4.757785467128018,Calvin Coolidge
665,1926-07-31,4.2113955408753085,Calvin Coolidge
666,1926-08-31,3.961965134706815,Calvin Coolidge
667,1926-09-30,1.5243902439024473,Calvin Coolidge
668,1926-10-31,-2.2522522522522577,Calvin Coolidge
669,1926-11-30,1.3056835637480793,Calvin Coolidge
670,1926-12-31,2.2744503411675567,Calvin Coolidge
671,1927-01-31,-0.6671608598962183,Calvin Coolidge
672,1927-02-28,1.940298507462685,Calvin Coolidge
673,1927-03-31,1.5373352855051177,Calvin Coolidge
674,1927-04-30,2.451333813987034,Calvin Coolidge
675,1927-05-31,3.448275862068954,Calvin Coolidge
676,1927-06-30,1.2925170068027299,Calvin Coolidge
677,1927-07-31,2.2162525184687714,Calvin Coolidge
678,1927-08-31,5.321944809461239,Calvin Coolidge
679,1927-09-30,5.676855895196507,Calvin Coolidge
680,1927-10-31,-1.5348288075560894,Calvin Coolidge
681,1927-11-30,2.2781774580335674,Calvin Coolidge
682,1927-12-31,2.344665885111384,Calvin Coolidge
683,1928-01-31,0.4009163802978252,Calvin Coolidge
684,1928-02-29,-1.197946377638339,Calvin Coolidge
685,1928-03-31,5.3695150115473425,Calvin Coolidge
686,1928-04-30,6.301369863013691,Calvin Coolidge
687,1928-05-31,3.0927835051546464,Calvin Coolidge
688,1928-06-30,-4.900000000000002,Calvin Coolidge
689,1928-07-31,0.7360672975814961,Calvin Coolidge
690,1928-08-31,3.235908141962427,Calvin Coolidge
691,1928-09-30,7.027300303336706,Calvin Coolidge
692,1928-10-31,2.031176192725553,Calvin Coolidge
693,1928-11-30,6.759259259259247,Calvin Coolidge
694,1928-12-31,0.39028620988725005,Calvin Coolidge
695,1929-01-31,7.386609071274303,Calvin Coolidge
696,1929-02-28,0.5229283990345898,Calvin Coolidge
697,1929-03-31,1.7607042817126903,Calvin Coolidge
698,1929-04-30,-0.5898545025560307,Herbert Hoover
699,1929-05-31,1.5031645569620213,Herbert Hoover
700,1929-06-30,1.9095869056897836,Herbert Hoover
701,1929-07-31,8.910133843212245,Herbert Hoover
702,1929-08-31,5.688202247191015,Herbert Hoover
703,1929-09-30,3.986710963455147,Herbert Hoover
704,1929-10-31,-10.57507987220448,Herbert Hoover
705,1929-11-30,-26.47374062165059,Herbert Hoover
706,1929-12-31,3.9844509232264356,Herbert Hoover
707,1930-01-31,1.4485981308411322,Herbert Hoover
708,1930-02-28,6.264394288346381,Herbert Hoover
709,1930-03-31,3.7711313394018244,Herbert Hoover
710,1930-04-30,6.349206349206347,Herbert Hoover
711,1930-05-31,-5.970149253731341,Herbert Hoover
712,1930-06-30,-10.108604845446957,Herbert Hoover
713,1930-07-31,-2.1375464684014913,Herbert Hoover
714,1930-08-31,-1.2820512820512802,Herbert Hoover
715,1930-09-30,-0.04810004810003853,Herbert Hoover
716,1930-10-31,-13.763233878729544,Herbert Hoover
717,1930-11-30,-7.254464285714289,Herbert Hoover
718,1930-12-31,-6.678700361010838,Herbert Hoover
719,1931-01-31,3.0303030303030347,Herbert Hoover
720,1931-02-28,7.63454317897371,Herbert Hoover
721,1931-03-31,1.9186046511628017,Herbert Hoover
722,1931-04-30,-9.526525955504859,Herbert Hoover
723,1931-05-31,-9.646910466582593,Herbert Hoover
724,1931-06-30,-3.2100488485694405,Herbert Hoover
725,1931-07-31,3.316510454217742,Herbert Hoover
726,1931-08-31,-3.000697836706209,Herbert Hoover
727,1931-09-30,-14.892086330935253,Herbert Hoover
728,1931-10-31,-13.355874894336434,Herbert Hoover
729,1931-11-30,1.365853658536591,Herbert Hoover
730,1931-12-31,-18.768046198267573,Herbert Hoover
731,1932-01-31,-1.6587677725118342,Herbert Hoover
732,1932-02-29,-0.8433734939759069,Herbert Hoover
733,1932-03-31,0.36452004860266535,Herbert Hoover
734,1932-04-30,-23.970944309927354,Herbert Hoover
735,1932-05-31,-12.261146496815293,Herbert Hoover
736,1932-06-30,-13.43012704174229,Herbert Hoover
737,1932-07-31,5.031446540880508,Herbert Hoover
738,1932-08-31,50.2994011976048,Herbert Hoover
739,1932-09-30,9.694555112881801,Herbert Hoover
740,1932-10-31,-13.80145278450363,Herbert Hoover
741,1932-11-30,-0.9831460674157343,Herbert Hoover
742,1932-12-31,-3.262411347517724,Herbert Hoover
743,1933-01-31,3.9589442815249205,Herbert Hoover
744,1933-02-28,-11.847672778561352,Herbert Hoover
745,1933-03-31,-0.3199999999999932,Herbert Hoover
746,1933-04-30,10.593900481540919,Franklin D. Roosevelt
747,1933-05-31,28.737300435413637,Franklin D. Roosevelt
748,1933-06-30,17.136414881623466,Franklin D. Roosevelt
749,1933-07-31,8.084696823869104,Franklin D. Roosevelt
750,1933-08-31,-4.986642920748001,Franklin D. Roosevelt
751,1933-09-30,-0.8434864104967185,Franklin D. Roosevelt
752,1933-10-31,-9.73534971644612,Franklin D. Roosevelt
753,1933-11-30,2.408376963350771,Franklin D. Roosevelt
754,1933-12-31,1.9427402862985819,Franklin D. Roosevelt
755,1934-01-31,5.717151454363074,Franklin D. Roosevelt
756,1934-02-28,7.400379506641378,Franklin D. Roosevelt
757,1934-03-31,-5.123674911660777,Franklin D. Roosevelt
758,1934-04-30,1.675977653631282,Franklin D. Roosevelt
759,1934-05-31,-10.164835164835159,Franklin D. Roosevelt
760,1934-06-30,1.3251783893985627,Franklin D. Roosevelt
761,1934-07-31,-4.728370221327957,Franklin D. Roosevelt
762,1934-08-31,-3.9070749736008548,Franklin D. Roosevelt
763,1934-09-30,-2.417582417582405,Franklin D. Roosevelt
764,1934-10-31,0.7882882882882714,Franklin D. Roosevelt
765,1934-11-30,2.7932960893854752,Franklin D. Roosevelt
766,1934-12-31,0.6521739130434837,Franklin D. Roosevelt
767,1935-01-31,0.0,Franklin D. Roosevelt
768,1935-02-28,-3.023758099352045,Franklin D. Roosevelt
769,1935-03-31,-6.347438752783967,Franklin D. Roosevelt
770,1935-04-30,7.491082045184292,Franklin D. Roosevelt
771,1935-05-31,7.853982300884967,Franklin D. Roosevelt
772,1935-06-30,3.7948717948717867,Franklin D. Roosevelt
773,1935-07-31,5.2371541501976395,Franklin D. Roosevelt
774,1935-08-31,6.760563380281679,Franklin D. Roosevelt
775,1935-09-30,2.110817941952509,Franklin D. Roosevelt
776,1935-10-31,2.6701119724375584,Franklin D. Roosevelt
777,1935-11-30,9.395973154362409,Franklin D. Roosevelt
778,1935-12-31,0.0,Franklin D. Roosevelt
779,1936-01-31,5.521472392638042,Franklin D. Roosevelt
780,1936-02-29,5.741279069767448,Franklin D. Roosevelt
781,1936-03-31,2.1305841924398536,Franklin D. Roosevelt
782,1936-04-30,0.13458950201885161,Franklin D. Roosevelt
783,1936-05-31,-5.309139784946242,Franklin D. Roosevelt
784,1936-06-30,4.258339247693397,Franklin D. Roosevelt
785,1936-07-31,5.92239618788292,Franklin D. Roosevelt
786,1936-08-31,1.9922879177377808,Franklin D. Roosevelt
787,1936-09-30,1.134215500945189,Franklin D. Roosevelt
788,1936-10-31,5.233644859813083,Franklin D. Roosevelt
789,1936-11-30,2.7827116637063285,Franklin D. Roosevelt
790,1936-12-31,-1.7281105990783454,Franklin D. Roosevelt
791,1937-01-31,3.1066822977725743,Franklin D. Roosevelt
792,1937-02-28,2.956225127913585,Franklin D. Roosevelt
793,1937-03-31,-0.11043622308116827,Franklin D. Roosevelt
794,1937-04-30,-5.970149253731334,Franklin D. Roosevelt
795,1937-05-31,-4.467960023515588,Franklin D. Roosevelt
796,1937-06-30,-3.7538461538461507,Franklin D. Roosevelt
797,1937-07-31,5.9462915601023,Franklin D. Roosevelt
798,1937-08-31,1.0259505129752453,Franklin D. Roosevelt
799,1937-09-30,-14.157706093189962,Franklin D. Roosevelt
800,1937-10-31,-14.544189283228947,Franklin D. Roosevelt
801,1937-11-30,-8.794788273615636,Franklin D. Roosevelt
802,1937-12-31,-1.6071428571428545,Franklin D. Roosevelt
803,1938-01-31,2.6315789473684297,Franklin D. Roosevelt
804,1938-02-28,-2.387267904509296,Franklin D. Roosevelt
805,1938-03-31,-6.6123188405796975,Franklin D. Roosevelt
806,1938-04-30,-4.073714839961202,Franklin D. Roosevelt
807,1938-05-31,0.9100101112234564,Franklin D. Roosevelt
808,1938-06-30,2.3046092184368776,Franklin D. Roosevelt
809,1938-07-31,19.88246816846228,Franklin D. Roosevelt
810,1938-08-31,0.5718954248366036,Franklin D. Roosevelt
811,1938-09-30,-4.549147034930955,Franklin D. Roosevelt
812,1938-10-31,11.14893617021277,Franklin D. Roosevelt
813,1938-11-30,0.07656967840734906,Franklin D. Roosevelt
814,1938-12-31,-2.9074215761285447,Franklin D. Roosevelt
815,1939-01-31,-1.4972419227738338,Franklin D. Roosevelt
816,1939-02-28,-0.7999999999999973,Franklin D. Roosevelt
817,1939-03-31,-0.08064516129032086,Franklin D. Roosevelt
818,1939-04-30,-12.590799031477001,Franklin D. Roosevelt
819,1939-05-31,3.693444136657437,Franklin D. Roosevelt
820,1939-06-30,1.7809439002671352,Franklin D. Roosevelt
821,1939-07-31,2.4496937882764755,Franklin D. Roosevelt
822,1939-08-31,-1.4517506404782383,Franklin D. Roosevelt
823,1939-09-30,10.658578856152518,Franklin D. Roosevelt
824,1939-10-31,1.0180109631949943,Franklin D. Roosevelt
825,1939-11-30,-1.7829457364341117,Franklin D. Roosevelt
826,1939-12-31,-2.3677979479084508,Franklin D. Roosevelt
827,1940-01-31,-0.5658852061438845,Franklin D. Roosevelt
828,1940-02-29,-0.6504065040650412,Franklin D. Roosevelt
829,1940-03-31,-0.572831423895256,Franklin D. Roosevelt
830,1940-04-30,0.9876543209876478,Franklin D. Roosevelt
831,1940-05-31,-13.773431132844333,Franklin D. Roosevelt
832,1940-06-30,-8.601134215500947,Franklin D. Roosevelt
833,1940-07-31,3.3092037228541913,Franklin D. Roosevelt
834,1940-08-31,2.102102102102093,Franklin D. Roosevelt
835,1940-09-30,4.215686274509819,Franklin D. Roosevelt
836,1940-10-31,0.9407337723424237,Franklin D. Roosevelt
837,1940-11-30,2.3299161230195713,Franklin D. Roosevelt
838,1940-12-31,-4.098360655737714,Franklin D. Roosevelt
839,1941-01-31,0.18993352326686944,Franklin D. Roosevelt
840,1941-02-28,-6.255924170616114,Harry S. Truman
841,1941-03-31,0.6066734074822924,Harry S. Truman
842,1941-04-30,-3.1155778894472235,Harry S. Truman
843,1941-05-31,-2.1784232365145315,Harry S. Truman
844,1941-06-30,3.4994697773064694,Harry S. Truman
845,1941-07-31,5.122950819672131,Harry S. Truman
846,1941-08-31,-0.4873294346978454,Harry S. Truman
847,1941-09-30,0.293829578844264,Harry S. Truman
848,1941-10-31,-4.003906250000002,Harry S. Truman
849,1941-11-30,-4.679552390640904,Harry S. Truman
850,1941-12-31,-6.510138740661681,Harry S. Truman
851,1942-01-31,1.9406392694063919,Harry S. Truman
852,1942-02-28,-3.1354983202687503,Harry S. Truman
853,1942-03-31,-5.4335260115607005,Harry S. Truman
854,1942-04-30,-4.15647921760391,Harry S. Truman
855,1942-05-31,1.1479591836734675,Harry S. Truman
856,1942-06-30,5.04413619167718,Harry S. Truman
857,1942-07-31,3.7214885954381813,Harry S. Truman
858,1942-08-31,-0.5787037037037119,Harry S. Truman
859,1942-09-30,1.0477299185098936,Harry S. Truman
860,1942-10-31,7.373271889400929,Harry S. Truman
861,1942-11-30,1.6094420600858406,Harry S. Truman
862,1942-12-31,0.5279831045406435,Harry S. Truman
863,1943-01-31,5.987394957983196,Harry S. Truman
864,1943-02-28,5.946481665014862,Harry S. Truman
865,1943-03-31,3.55472404115997,Harry S. Truman
866,1943-04-30,3.342366757000896,Harry S. Truman
867,1943-05-31,3.933566433566443,Harry S. Truman
868,1943-06-30,1.7661900756938527,Harry S. Truman
869,1943-07-31,2.066115702479339,Harry S. Truman
870,1943-08-31,-4.939271255060724,Harry S. Truman
871,1943-09-30,2.1294718909710393,Harry S. Truman
872,1943-10-31,-0.9174311926605456,Harry S. Truman
873,1943-11-30,-4.629629629629636,Harry S. Truman
874,1943-12-31,1.3239187996469581,Harry S. Truman
875,1944-01-31,3.2229965156794353,Harry S. Truman
876,1944-02-29,-0.6751054852320681,Harry S. Truman
877,1944-03-31,2.80373831775701,Harry S. Truman
878,1944-04-30,-1.735537190082637,Harry S. Truman
879,1944-05-31,1.7661900756938527,Harry S. Truman
880,1944-06-30,4.710743801652895,Harry S. Truman
881,1944-07-31,2.60457774269929,Harry S. Truman
882,1944-08-31,-1.4615384615384577,Harry S. Truman
883,1944-09-30,-1.6393442622950887,Harry S. Truman
884,1944-10-31,2.4603174603174645,Harry S. Truman
885,1944-11-30,-0.6971340046475589,Harry S. Truman
886,1944-12-31,2.184087363494535,Harry S. Truman
887,1945-01-31,2.9770992366412257,Harry S. Truman
888,1945-02-28,3.335804299481092,Harry S. Truman
889,1945-03-31,-0.0717360114777603,Harry S. Truman
890,1945-04-30,2.5125628140703493,Harry S. Truman
891,1945-05-31,3.7815126050420234,Harry S. Truman
892,1945-06-30,1.8218623481781346,Harry S. Truman
893,1945-07-31,-2.0543406229290953,Harry S. Truman
894,1945-08-31,0.33829499323410495,Harry S. Truman
895,1945-09-30,6.810519217801751,Harry S. Truman
896,1945-10-31,4.166666666666668,Harry S. Truman
897,1945-11-30,3.2727272727272676,Harry S. Truman
898,1945-12-31,1.7018779342722956,Harry S. Truman
899,1946-01-31,3.9815349105597306,Harry S. Truman
900,1946-02-28,0.2774694783573846,Harry S. Truman
901,1946-03-31,-2.9883785279468684,Harry S. Truman
902,1946-04-30,6.4460924130062685,Harry S. Truman
903,1946-05-31,0.2143622722400812,Harry S. Truman
904,1946-06-30,-0.6417112299465294,Harry S. Truman
905,1946-07-31,-2.8525296017222694,Harry S. Truman
906,1946-08-31,-1.9390581717451603,Harry S. Truman
907,1946-09-30,-14.745762711864405,Harry S. Truman
908,1946-10-31,-2.253147779986745,Harry S. Truman
909,1946-11-30,-0.40677966101695257,Harry S. Truman
910,1946-12-31,2.995234853641942,Harry S. Truman
911,1947-01-31,0.5287508261731663,Harry S. Truman
912,1947-02-28,3.8790269559500317,Harry S. Truman
913,1947-03-31,-4.050632911392409,Harry S. Truman
914,1947-04-30,-3.69393139841689,Harry S. Truman
915,1947-05-31,-1.7808219178082179,Harry S. Truman
916,1947-06-30,3.486750348675035,Harry S. Truman
917,1947-07-31,6.266846361185982,Harry S. Truman
918,1947-08-31,-1.9657577679137523,Harry S. Truman
919,1947-09-30,-2.5873221216041418,Harry S. Truman
920,1947-10-31,2.58964143426294,Harry S. Truman
921,1947-11-30,-1.1650485436893185,Harry S. Truman
922,1947-12-31,-1.5717092337917498,Harry S. Truman
923,1948-01-31,-1.3306719893546193,Harry S. Truman
924,1948-02-29,-4.922454484153746,Harry S. Truman
925,1948-03-31,1.4184397163120643,Harry S. Truman
926,1948-04-30,7.69230769230769,Harry S. Truman
927,1948-05-31,4.870129870129858,Harry S. Truman
928,1948-06-30,4.148606811145522,Harry S. Truman
929,1948-07-31,-2.378121284185485,Harry S. Truman
930,1948-08-31,-2.923264311814873,Harry S. Truman
931,1948-09-30,-1.1292346298619809,Harry S. Truman
932,1948-10-31,2.728426395939096,Harry S. Truman
933,1948-11-30,-5.558987029030278,Harry S. Truman
934,1948-12-31,-0.6540222367560474,Harry S. Truman
935,1949-01-31,1.1191573403554966,Harry S. Truman
936,1949-02-28,-3.841145833333333,Harry S. Truman
937,1949-03-31,0.947867298578203,Harry S. Truman
938,1949-04-30,-0.13413816230717351,Harry S. Truman
939,1949-05-31,-0.7387508394895984,Harry S. Truman
940,1949-06-30,-5.480378890392414,Harry S. Truman
941,1949-07-31,5.654974946313523,Harry S. Truman
942,1949-08-31,3.5907859078590745,Harry S. Truman
943,1949-09-30,1.3080444735121064,Harry S. Truman
944,1949-10-31,2.582311168495806,Harry S. Truman
945,1949-11-30,1.384518565135298,Harry S. Truman
946,1949-12-31,2.6691495965238965,Harry S. Truman
947,1950-01-31,2.055622732769044,Harry S. Truman
948,1950-02-28,1.9549763033175467,Harry S. Truman
949,1950-03-31,0.8134805345729259,Harry S. Truman
950,1950-04-30,2.82420749279538,Harry S. Truman
951,1950-05-31,3.363228699551578,Harry S. Truman
952,1950-06-30,1.6268980477223274,Harry S. Truman
953,1950-07-31,-7.25720384204909,Harry S. Truman
954,1950-08-31,6.041426927502881,Harry S. Truman
955,1950-09-30,3.526858383071072,Harry S. Truman
956,1950-10-31,4.140461215932929,Harry S. Truman
957,1950-11-30,-0.20130850528436184,Harry S. Truman
958,1950-12-31,-0.4034291477559168,Harry S. Truman
959,1951-01-31,7.392405063291144,Harry S. Truman
960,1951-02-28,3.72465818010372,Harry S. Truman
961,1951-03-31,-1.6818181818181863,Harry S. Truman
962,1951-04-30,1.3407304669440716,Harry S. Truman
963,1951-05-31,0.045620437956195296,Harry S. Truman
964,1951-06-30,-1.7327861377108937,Harry S. Truman
965,1951-07-31,1.7633410672853782,Harry S. Truman
966,1951-08-31,4.3775649794801685,Harry S. Truman
967,1951-09-30,2.577544779379641,Harry S. Truman
968,1951-10-31,-0.5110732538330536,Harry S. Truman
969,1951-11-30,-2.7825342465753367,Harry S. Truman
970,1951-12-31,3.082342580361071,Harry S. Truman
971,1952-01-31,3.3319094404100857,Harry S. Truman
972,1952-02-29,-1.818933443571729,Harry S. Truman
973,1952-03-31,0.25263157894736304,Harry S. Truman
974,1952-04-30,-0.29399412011759884,Harry S. Truman
975,1952-05-31,-0.04212299915753164,Harry S. Truman
976,1952-06-30,2.739148756847866,Harry S. Truman
977,1952-07-31,2.871205906480719,Harry S. Truman
978,1952-08-31,0.3987240829346149,Harry S. Truman
979,1952-09-30,-1.588562351072274,Harry S. Truman
980,1952-10-31,-2.0984665052461646,Harry S. Truman
981,1952-11-30,3.1739488870568815,Harry S. Truman
982,1952-12-31,4.035157810627239,Harry S. Truman
983,1953-01-31,0.5376344086021527,Harry S. Truman
984,1953-02-28,-1.2223071046600469,Dwight D. Eisenhower
985,1953-03-31,0.5027068832173202,Dwight D. Eisenhower
986,1953-04-30,-4.924971142747202,Dwight D. Eisenhower
987,1953-05-31,0.5261027923917402,Dwight D. Eisenhower
988,1953-06-30,-3.5829307568438025,Dwight D. Eisenhower
989,1953-07-31,1.4196242171189972,Dwight D. Eisenhower
990,1953-08-31,0.41169205434335704,Dwight D. Eisenhower
991,1953-09-30,-4.592045920459208,Dwight D. Eisenhower
992,1953-10-31,3.008165019338201,Dwight D. Eisenhower
993,1953-11-30,2.2110972048393873,Dwight D. Eisenhower
994,1953-12-31,1.3469387755101971,Dwight D. Eisenhower
995,1954-01-31,2.5372533225936476,Dwight D. Eisenhower
996,1954-02-28,2.199528672427332,Dwight D. Eisenhower
997,1954-03-31,2.1137586471944685,Dwight D. Eisenhower
998,1954-04-30,3.989461799021448,Dwight D. Eisenhower
999,1954-05-31,3.9811798769453546,Dwight D. Eisenhower
1000,1954-06-30,0.8005569091541956,Dwight D. Eisenhower
1001,1954-07-31,4.040055248618779,Dwight D. Eisenhower
1002,1954-08-31,1.9913707268503202,Dwight D. Eisenhower
1003,1954-09-30,2.3429873088187403,Dwight D. Eisenhower
1004,1954-10-31,2.321144674085852,Dwight D. Eisenhower
1005,1954-11-30,3.915475450590423,Dwight D. Eisenhower
1006,1954-12-31,4.575358851674645,Dwight D. Eisenhower
1007,1955-01-31,1.8015441807263444,Dwight D. Eisenhower
1008,1955-02-28,3.342696629213476,Dwight D. Eisenhower
1009,1955-03-31,-0.7882576787170404,Dwight D. Eisenhower
1010,1955-04-30,3.4520547945205426,Dwight D. Eisenhower
1011,1955-05-31,-0.423728813559313,Dwight D. Eisenhower
1012,1955-06-30,5.797872340425531,Dwight D. Eisenhower
1013,1955-07-31,7.315233785822012,Dwight D. Eisenhower
1014,1955-08-31,-0.6090419301944203,Dwight D. Eisenhower
1015,1955-09-30,4.501531934951694,Dwight D. Eisenhower
1016,1955-10-31,-5.029318899413631,Dwight D. Eisenhower
1017,1955-11-30,6.7442412728568115,Dwight D. Eisenhower
1018,1955-12-31,0.9343715239154495,Dwight D. Eisenhower
1019,1956-01-31,-2.6890015428697356,Dwight D. Eisenhower
1020,1956-02-29,0.6342015855039663,Dwight D. Eisenhower
1021,1956-03-31,6.887238352464556,Dwight D. Eisenhower
1022,1956-04-30,1.1791956201305436,Dwight D. Eisenhower
1023,1956-05-31,-3.14255983350676,Dwight D. Eisenhower
1024,1956-06-30,-0.5801461108723593,Dwight D. Eisenhower
1025,1956-07-31,5.424681218932348,Dwight D. Eisenhower
1026,1956-08-31,-0.5945059450594489,Dwight D. Eisenhower
1027,1956-09-30,-3.4027634563827562,Dwight D. Eisenhower
1028,1956-10-31,-1.2809564474807886,Dwight D. Eisenhower
1029,1956-11-30,-1.0380622837370328,Dwight D. Eisenhower
1030,1956-12-31,1.4860139860139854,Dwight D. Eisenhower
1031,1957-01-31,-2.1748492678725198,Dwight D. Eisenhower
1032,1957-02-28,-4.314329738058554,Dwight D. Eisenhower
1033,1957-03-31,1.2882447665056413,Dwight D. Eisenhower
1034,1957-04-30,2.3166023166023075,Dwight D. Eisenhower
1035,1957-05-31,3.840177580466158,Dwight D. Eisenhower
1036,1957-06-30,1.6460025651987942,Dwight D. Eisenhower
1037,1957-07-31,2.0189274447949543,Dwight D. Eisenhower
1038,1957-08-31,-5.504019789734064,Dwight D. Eisenhower
1039,1957-09-30,-4.0575916230366635,Dwight D. Eisenhower
1040,1957-10-31,-6.230104592996805,Dwight D. Eisenhower
1041,1957-11-30,-2.158098933074686,Dwight D. Eisenhower
1042,1957-12-31,-0.04956629491946252,Dwight D. Eisenhower
1043,1958-01-31,1.9588395735184707,Dwight D. Eisenhower
1044,1958-02-28,0.3404669260700403,Dwight D. Eisenhower
1045,1958-03-31,2.0601066408143516,Dwight D. Eisenhower
1046,1958-04-30,0.5461885537877084,Dwight D. Eisenhower
1047,1958-05-31,3.2120925838450622,Dwight D. Eisenhower
1048,1958-06-30,2.4027459954233343,Dwight D. Eisenhower
1049,1958-07-31,2.7486033519553,Dwight D. Eisenhower
1050,1958-08-31,3.7407568508047104,Dwight D. Eisenhower
1051,1958-09-30,2.6415094339622596,Dwight D. Eisenhower
1052,1958-10-31,4.064542483660135,Dwight D. Eisenhower
1053,1958-11-30,3.0421982335623103,Dwight D. Eisenhower
1054,1958-12-31,1.8857142857142895,Dwight D. Eisenhower
1055,1959-01-31,3.9820527201345963,Dwight D. Eisenhower
1056,1959-02-28,-1.528227256382586,Dwight D. Eisenhower
1057,1959-03-31,2.537885703852462,Dwight D. Eisenhower
1058,1959-04-30,1.6737891737891826,Dwight D. Eisenhower
1059,1959-05-31,1.5061295971978974,Dwight D. Eisenhower
1060,1959-06-30,-0.862663906142167,Dwight D. Eisenhower
1061,1959-07-31,3.9679777236338345,Dwight D. Eisenhower
1062,1959-08-31,-0.5691329092735242,Dwight D. Eisenhower
1063,1959-09-30,-3.956228956228959,Dwight D. Eisenhower
1064,1959-10-31,-0.08764241893075751,Dwight D. Eisenhower
1065,1959-11-30,0.4035087719298191,Dwight D. Eisenhower
1066,1959-12-31,3.19762362397345,Dwight D. Eisenhower
1067,1960-01-31,-1.7439891635624805,Dwight D. Eisenhower
1068,1960-02-29,-3.8773048423229364,Dwight D. Eisenhower
1069,1960-03-31,-1.3624955181068448,Dwight D. Eisenhower
1070,1960-04-30,1.2904398400581492,Dwight D. Eisenhower
1071,1960-05-31,-0.9151265027812633,Dwight D. Eisenhower
1072,1960-06-30,3.694313654473016,Dwight D. Eisenhower
1073,1960-07-31,-2.479916171847703,Dwight D. Eisenhower
1074,1960-08-31,1.1998567335243455,Dwight D. Eisenhower
1075,1960-09-30,-3.008317112015565,Dwight D. Eisenhower
1076,1960-10-31,-1.9704433497537044,Dwight D. Eisenhower
1077,1960-11-30,3.2384142936906795,Dwight D. Eisenhower
1078,1960-12-31,2.3976924463674028,Dwight D. Eisenhower
1079,1961-01-31,5.140845070422539,Dwight D. Eisenhower
1080,1961-02-28,4.1024782317481625,John F. Kennedy
1081,1961-03-31,3.1365610423033665,John F. Kennedy
1082,1961-04-30,2.666874610106041,John F. Kennedy
1083,1961-05-31,1.0177730518000938,John F. Kennedy
1084,1961-06-30,-1.3233082706766848,John F. Kennedy
1085,1961-07-31,-0.2743066138372551,John F. Kennedy
1086,1961-08-31,3.59107579462104,John F. Kennedy
1087,1961-09-30,-0.7818262280572372,John F. Kennedy
1088,1961-10-31,1.1002081474873546,John F. Kennedy
1089,1961-11-30,4.52941176470588,John F. Kennedy
1090,1961-12-31,0.9285312324141765,John F. Kennedy
1091,1962-01-31,-3.721773069417343,John F. Kennedy
1092,1962-02-28,1.6649775589981264,John F. Kennedy
1093,1962-03-31,0.09968669894617971,John F. Kennedy
1094,1962-04-30,-3.186797552994749,John F. Kennedy
1095,1962-05-31,-7.43570903747244,John F. Kennedy
1096,1962-06-30,-11.684394348309254,John F. Kennedy
1097,1962-07-31,2.4087722451914364,John F. Kennedy
1098,1962-08-31,2.720730208881875,John F. Kennedy
1099,1962-09-30,-0.8885850991114201,John F. Kennedy
1100,1962-10-31,-3.1551724137931005,John F. Kennedy
1101,1962-11-30,6.889798824995544,John F. Kennedy
1102,1962-12-31,4.330446369087277,John F. Kennedy
1103,1963-01-31,3.863346104725418,John F. Kennedy
1104,1963-02-28,1.3218567476175829,John F. Kennedy
1105,1963-03-31,-0.379247572815534,John F. Kennedy
1106,1963-04-30,4.705344906349937,John F. Kennedy
1107,1963-05-31,2.0069808027923144,John F. Kennedy
1108,1963-06-30,-0.04277159965782882,John F. Kennedy
1109,1963-07-31,-1.4833832548851895,John F. Kennedy
1110,1963-08-31,2.7653105545099335,John F. Kennedy
1111,1963-09-30,2.6345449422372362,John F. Kennedy
1112,1963-10-31,0.24708304735759348,John F. Kennedy
1113,1963-11-30,-0.5614131178967501,John F. Kennedy
1114,1963-12-31,2.1343982374001613,Lyndon B. Johnson
1115,1964-01-31,3.0740191452069583,Lyndon B. Johnson
1116,1964-02-29,1.2295618051013706,Lyndon B. Johnson
1117,1964-03-31,1.8219408192272861,Lyndon B. Johnson
1118,1964-04-30,1.4467005076142139,Lyndon B. Johnson
1119,1964-05-31,0.9757317988491382,Lyndon B. Johnson
1120,1964-06-30,-0.5946481665014915,Lyndon B. Johnson
1121,1964-07-31,3.713858424725828,Lyndon B. Johnson
1122,1964-08-31,-1.4659937515020416,Lyndon B. Johnson
1123,1964-09-30,1.7195121951219472,Lyndon B. Johnson
1124,1964-10-31,1.7264117012348614,Lyndon B. Johnson
1125,1964-11-30,0.69534472598704,Lyndon B. Johnson
1126,1964-12-31,-1.73220973782772,Lyndon B. Johnson
1127,1965-01-31,2.572653644592676,Lyndon B. Johnson
1128,1965-02-28,0.731537389688801,Lyndon B. Johnson
1129,1965-03-31,0.09221902017290869,Lyndon B. Johnson
1130,1965-04-30,1.3129102844638956,Lyndon B. Johnson
1131,1965-05-31,1.4891440263726297,Lyndon B. Johnson
1132,1965-06-30,-4.749103942652324,Lyndon B. Johnson
1133,1965-07-31,-0.15286923800565574,Lyndon B. Johnson
1134,1965-08-31,1.8607937816511582,Lyndon B. Johnson
1135,1965-09-30,3.3414267545380976,Lyndon B. Johnson
1136,1965-10-31,2.248825240545989,Lyndon B. Johnson
1137,1965-11-30,0.8316008316008372,Lyndon B. Johnson
1138,1965-12-31,-0.4557786218122644,Lyndon B. Johnson
1139,1966-01-31,1.7333478687452188,Lyndon B. Johnson
1140,1966-02-28,-0.6750964423489022,Lyndon B. Johnson
1141,1966-03-31,-4.11047577947999,Lyndon B. Johnson
1142,1966-04-30,3.060306030603059,Lyndon B. Johnson
1143,1966-05-31,-5.262008733624447,Lyndon B. Johnson
1144,1966-06-30,-0.8296842590458618,Lyndon B. Johnson
1145,1966-07-31,-0.2556356030676259,Lyndon B. Johnson
1146,1966-08-31,-6.046132339235784,Lyndon B. Johnson
1147,1966-09-30,-3.5213887166770035,Lyndon B. Johnson
1148,1966-10-31,-0.8739236601979268,Lyndon B. Johnson
1149,1966-11-30,5.004537793335926,Lyndon B. Johnson
1150,1966-12-31,0.41980491418694094,Lyndon B. Johnson
1151,1967-01-31,3.836222796016236,Lyndon B. Johnson
1152,1967-02-28,3.4458259325044365,Lyndon B. Johnson
1153,1967-03-31,2.358058608058611,Lyndon B. Johnson
1154,1967-04-30,1.722209796466106,Lyndon B. Johnson
1155,1967-05-31,1.7919964819701075,Lyndon B. Johnson
1156,1967-06-30,-1.252835079382219,Lyndon B. Johnson
1157,1967-07-31,1.7280979984687719,Lyndon B. Johnson
1158,1967-08-31,1.591226749811837,Lyndon B. Johnson
1159,1967-09-30,1.3969732246798683,Lyndon B. Johnson
1160,1967-10-31,-0.1565598580524013,Lyndon B. Johnson
1161,1967-11-30,-3.136107045787163,Lyndon B. Johnson
1162,1967-12-31,2.849125836391108,Lyndon B. Johnson
1163,1968-01-31,-0.27282266526756654,Lyndon B. Johnson
1164,1968-02-29,-4.513888888888895,Lyndon B. Johnson
1165,1968-03-31,-1.829201101928371,Lyndon B. Johnson
1166,1968-04-30,7.385789650914804,Lyndon B. Johnson
1167,1968-05-31,2.2995714435037136,Lyndon B. Johnson
1168,1968-06-30,2.687238173086743,Lyndon B. Johnson
1169,1968-07-31,-0.19900497512438092,Lyndon B. Johnson
1170,1968-08-31,-2.1834496510468573,Lyndon B. Johnson
1171,1968-09-30,3.2514524513301377,Lyndon B. Johnson
1172,1968-10-31,2.4679170779861797,Lyndon B. Johnson
1173,1968-11-30,1.5414258188824745,Lyndon B. Johnson
1174,1968-12-31,1.0436432637571103,Lyndon B. Johnson
1175,1969-01-31,-4.225352112676056,Lyndon B. Johnson
1176,1969-02-28,-0.49019607843137253,Richard Nixon
1177,1969-03-31,-2.1674876847290667,Richard Nixon
1178,1969-04-30,2.014098690835851,Richard Nixon
1179,1969-05-31,3.257650542941754,Richard Nixon
1180,1969-06-30,-5.219885277246648,Richard Nixon
1181,1969-07-31,-4.468428484970755,Richard Nixon
1182,1969-08-31,-0.5596029986273751,Richard Nixon
1183,1969-09-30,0.35039286472711645,Richard Nixon
1184,1969-10-31,1.0686699820124756,Richard Nixon
1185,1969-11-30,0.7223618090452238,Richard Nixon
1186,1969-12-31,-5.3009042719052015,Richard Nixon
1187,1970-01-31,-0.8780594885303448,Richard Nixon
1188,1970-02-28,-3.487985826597282,Richard Nixon
1189,1970-03-31,1.7094997705369541,Richard Nixon
1190,1970-04-30,-3.04568527918782,Richard Nixon
1191,1970-05-31,-11.506689936009309,Richard Nixon
1192,1970-06-30,-0.6179332106231907,Richard Nixon
1193,1970-07-31,0.17198042069056152,Richard Nixon
1194,1970-08-31,2.9054410987850012,Richard Nixon
1195,1970-09-30,5.980492813141679,Richard Nixon
1196,1970-10-31,2.1675950593364086,Richard Nixon
1197,1970-11-30,-0.10667298802892428,Richard Nixon
1198,1970-12-31,6.8462268628381535,Richard Nixon
1199,1971-01-31,3.8200999444752894,Richard Nixon
1200,1971-02-28,3.8720718793453894,Richard Nixon
1201,1971-03-31,2.564102564102559,Richard Nixon
1202,1971-04-30,3.413654618473901,Richard Nixon
1203,1971-05-31,-1.3592233009708794,Richard Nixon
1204,1971-06-30,-1.850393700787397,Richard Nixon
1205,1971-07-31,-0.7220216606498184,Richard Nixon
1206,1971-08-31,-1.777777777777783,Richard Nixon
1207,1971-09-30,2.2213081036610562,Richard Nixon
1208,1971-10-31,-2.122736418511066,Richard Nixon
1209,1971-11-30,-4.6356254496865095,Richard Nixon
1210,1971-12-31,6.887260185384782,Richard Nixon
1211,1972-01-31,4.1645658969446355,Richard Nixon
1212,1972-02-29,1.8393030009680598,Richard Nixon
1213,1972-03-31,2.376425855513308,Richard Nixon
1214,1972-04-30,1.0213556174558907,Richard Nixon
1215,1972-05-31,-1.0110294117647007,Richard Nixon
1216,1972-06-30,0.27855153203342353,Richard Nixon
1217,1972-07-31,-0.740740740740738,Richard Nixon
1218,1972-08-31,3.5447761194029823,Richard Nixon
1219,1972-09-30,-1.4414414414414363,Richard Nixon
1220,1972-10-31,0.18281535648993474,Richard Nixon
1221,1972-11-30,5.018248175182482,Richard Nixon
1222,1972-12-31,2.0851433536055652,Richard Nixon
1223,1973-01-31,0.7659574468085154,Richard Nixon
1224,1973-02-28,-3.547297297297299,Richard Nixon
1225,1973-03-31,-1.5761821366024493,Richard Nixon
1226,1973-04-30,-1.8683274021352387,Richard Nixon
1227,1973-05-31,-2.810516772438798,Richard Nixon
1228,1973-06-30,-2.238805970149259,Richard Nixon
1229,1973-07-31,0.9541984732824428,Richard Nixon
1230,1973-08-31,-1.890359168241966,Richard Nixon
1231,1973-09-30,1.734104046242772,Richard Nixon
1232,1973-10-31,3.97727272727273,Richard Nixon
1233,1973-11-30,-7.10382513661202,Richard Nixon
1234,1973-12-31,-7.078431372549018,Richard Nixon
1235,1974-01-31,1.4032496307237796,Richard Nixon
1236,1974-02-28,-2.767662053896573,Richard Nixon
1237,1974-03-31,4.269662921348309,Richard Nixon
1238,1974-04-30,-5.1108374384236495,Richard Nixon
1239,1974-05-31,-3.0175210902011598,Richard Nixon
1240,1974-06-30,0.1338240214118485,Richard Nixon
1241,1974-07-31,-11.671678360619227,Richard Nixon
1242,1974-08-31,-4.135670155087632,Richard Nixon
1243,1974-09-30,-10.403787978429563,Gerald Ford
1244,1974-10-31,1.9377568995889505,Gerald Ford
1245,1974-11-30,3.3122119815668163,Gerald Ford
1246,1974-12-31,-6.509618065235576,Gerald Ford
1247,1975-01-31,8.185477858953346,Gerald Ford
1248,1975-02-28,10.391400220507155,Gerald Ford
1249,1975-03-31,4.594257178526851,Gerald Ford
1250,1975-04-30,1.1219861542134133,Gerald Ford
1251,1975-05-31,6.350330500472139,Gerald Ford
1252,1975-06-30,2.552719200887915,Gerald Ford
1253,1975-07-31,0.09740259740258571,Gerald Ford
1254,1975-08-31,-7.330522218618231,Gerald Ford
1255,1975-09-30,-1.2133940030334758,Gerald Ford
1256,1975-10-31,4.606117869375211,Gerald Ford
1257,1975-11-30,1.6935757028339167,Gerald Ford
1258,1975-12-31,-1.5210391917397474,Gerald Ford
1259,1976-01-31,9.199549041713638,Gerald Ford
1260,1976-02-29,3.861243031179016,Gerald Ford
1261,1976-03-31,0.4970178926441352,Gerald Ford
1262,1976-04-30,0.7912957467853723,Gerald Ford
1263,1976-05-31,-0.6869479882237515,Gerald Ford
1264,1976-06-30,0.5928853754940655,Gerald Ford
1265,1976-07-31,2.357563850687628,Gerald Ford
1266,1976-08-31,-0.8637236084453029,Gerald Ford
1267,1976-09-30,2.1297192642788025,Gerald Ford
1268,1976-10-31,-3.412322274881511,Gerald Ford
1269,1976-11-30,-0.6869479882237515,Gerald Ford
1270,1976-12-31,3.458498023715415,Gerald Ford
1271,1977-01-31,-0.8595988538682002,Gerald Ford
1272,1977-02-28,-2.6974951830443135,Jimmy Carter
1273,1977-03-31,-0.39603960396040166,Jimmy Carter
1274,1977-04-30,-1.5407554671968164,Jimmy Carter
1275,1977-05-31,-0.292781423523465,Jimmy Carter
1276,1977-06-30,0.536654515998381,Jimmy Carter
1277,1977-07-31,0.9165072011280053,Jimmy Carter
1278,1977-08-31,-2.4451097804391244,Jimmy Carter
1279,1977-09-30,-1.5549872122762107,Jimmy Carter
1280,1977-10-31,-2.5875506598773863,Jimmy Carter
1281,1977-11-30,0.5760614465543058,Jimmy Carter
1282,1977-12-31,-0.4879083580823165,Jimmy Carter
1283,1978-01-31,-3.805158814751645,Jimmy Carter
1284,1978-02-28,-1.4072022160664777,Jimmy Carter
1285,1978-03-31,-0.17981568891887031,Jimmy Carter
1286,1978-04-30,4.379644224273814,Jimmy Carter
1287,1978-05-31,5.069571782979186,Jimmy Carter
1288,1978-06-30,0.256647161482394,Jimmy Carter
1289,1978-07-31,-0.4812615195576479,Jimmy Carter
1290,1978-08-31,6.904002469389864,Jimmy Carter
1291,1978-09-30,0.0,Jimmy Carter
1292,1978-10-31,-3.1761308950914446,Jimmy Carter
1293,1978-11-30,-5.854870775347913,Jimmy Carter
1294,1978-12-31,1.4781966001478257,Jimmy Carter
1295,1979-01-31,3.745708042867542,Jimmy Carter
1296,1979-02-28,-1.484304483000692,Jimmy Carter
1297,1979-03-31,1.9036954087345923,Jimmy Carter
1298,1979-04-30,1.998001998001998,Jimmy Carter
1299,1979-05-31,-2.321253672869726,Jimmy Carter
1300,1979-06-30,1.9753334001804863,Jimmy Carter
1301,1979-07-31,0.983284169124877,Jimmy Carter
1302,1979-08-31,4.576436222005845,Jimmy Carter
1303,1979-09-30,1.1173184357541792,Jimmy Carter
1304,1979-10-31,-3.7753222836095714,Jimmy Carter
1305,1979-11-30,-0.765550239234447,Jimmy Carter
1306,1979-12-31,3.9537126325940157,Jimmy Carter
1307,1980-01-31,2.875695732838598,Jimmy Carter
1308,1980-02-29,3.9675383228133376,Jimmy Carter
1309,1980-03-31,-9.193408499566344,Jimmy Carter
1310,1980-04-30,-1.6236867239732597,Jimmy Carter
1311,1980-05-31,4.563106796116507,Jimmy Carter
1312,1980-06-30,6.406685236768794,Jimmy Carter
1313,1980-07-31,4.537521815008729,Jimmy Carter
1314,1980-08-31,3.088480801335562,Jimmy Carter
1315,1980-09-30,2.42914979757085,Jimmy Carter
1316,1980-10-31,2.924901185770742,Jimmy Carter
1317,1980-11-30,4.224270353302612,Jimmy Carter
1318,1980-12-31,-1.6212232866617455,Jimmy Carter
1319,1981-01-31,-0.37453183520599254,Jimmy Carter
1320,1981-02-28,-3.458646616541349,Ronald Reagan
1321,1981-03-31,3.7383177570093324,Ronald Reagan
1322,1981-04-30,0.9009009009009137,Ronald Reagan
1323,1981-05-31,-2.008928571428584,Ronald Reagan
1324,1981-06-30,0.45558086560366196,Ronald Reagan
1325,1981-07-31,-2.4187452758881456,Ronald Reagan
1326,1981-08-31,0.3872966692486445,Ronald Reagan
1327,1981-09-30,-8.719135802469134,Ronald Reagan
1328,1981-10-31,1.267962806424345,Ronald Reagan
1329,1981-11-30,2.587646076794665,Ronald Reagan
1330,1981-12-31,0.7323026851098384,Ronald Reagan
1331,1982-01-31,-5.250403877221324,Ronald Reagan
1332,1982-02-28,-2.387041773231029,Ronald Reagan
1333,1982-03-31,-3.231441048034937,Ronald Reagan
1334,1982-04-30,4.963898916967509,Ronald Reagan
1335,1982-05-31,0.08598452278590588,Ronald Reagan
1336,1982-06-30,-5.75601374570447,Ronald Reagan
1337,1982-07-31,-0.27347310847766376,Ronald Reagan
1338,1982-08-31,0.2742230347349151,Ronald Reagan
1339,1982-09-30,11.577028258887879,Ronald Reagan
1340,1982-10-31,8.415032679738548,Ronald Reagan
1341,1982-11-30,4.0693293142426565,Ronald Reagan
1342,1982-12-31,0.9413468501086252,Ronald Reagan
1343,1983-01-31,3.515064562410334,Ronald Reagan
1344,1983-02-28,1.7325017325017324,Ronald Reagan
1345,1983-03-31,3.4741144414168894,Ronald Reagan
1346,1983-04-30,3.818301514154037,Ronald Reagan
1347,1983-05-31,4.058338617628412,Ronald Reagan
1348,1983-06-30,1.4015843997562532,Ronald Reagan
1349,1983-07-31,0.36057692307691963,Ronald Reagan
1350,1983-08-31,-2.7544910179640683,Ronald Reagan
1351,1983-09-30,2.955665024630531,Ronald Reagan
1352,1983-10-31,0.29904306220095694,Ronald Reagan
1353,1983-11-30,-1.4907573047107932,Ronald Reagan
1354,1983-12-31,-0.48426150121064343,Ronald Reagan
1355,1984-01-31,1.21654501216545,Ronald Reagan
1356,1984-02-29,-5.4687499999999964,Ronald Reagan
1357,1984-03-31,0.0635727908455145,Ronald Reagan
1358,1984-04-30,0.12706480304954804,Ronald Reagan
1359,1984-05-31,-0.6345177664974619,Ronald Reagan
1360,1984-06-30,-2.234993614303959,Ronald Reagan
1361,1984-07-31,-1.3063357282821686,Ronald Reagan
1362,1984-08-31,8.802117802779625,Ronald Reagan
1363,1984-09-30,1.0340632603406257,Ronald Reagan
1364,1984-10-31,-0.7826610475616995,Ronald Reagan
1365,1984-11-30,0.9101941747572815,Ronald Reagan
1366,1984-12-31,-1.0823812387252023,Ronald Reagan
1367,1985-01-31,4.3161094224923975,Ronald Reagan
1368,1985-02-28,5.419580419580426,Ronald Reagan
1369,1985-03-31,-0.8291873963515755,Ronald Reagan
1370,1985-04-30,0.6688963210702278,Ronald Reagan
1371,1985-05-31,2.3809523809523876,Ronald Reagan
1372,1985-06-30,2.1633315305570577,Ronald Reagan
1373,1985-07-31,1.9057702488088906,Ronald Reagan
1374,1985-08-31,-2.181818181818176,Ronald Reagan
1375,1985-09-30,-2.2304832713754736,Ronald Reagan
1376,1985-10-31,1.1406844106463847,Ronald Reagan
1377,1985-11-30,6.068743286788406,Ronald Reagan
1378,1985-12-31,4.962025316455701,Ronald Reagan
1379,1986-01-31,0.4341534008682958,Ronald Reagan
1380,1986-02-28,5.379442843419797,Ronald Reagan
1381,1986-03-31,5.879671832269829,Ronald Reagan
1382,1986-04-30,2.4537236332328836,Ronald Reagan
1383,1986-05-31,0.21008403361344538,Ronald Reagan
1384,1986-06-30,2.85115303983229,Ronald Reagan
1385,1986-07-31,-2.0790868324500704,Ronald Reagan
1386,1986-08-31,1.9983347210657834,Ronald Reagan
1387,1986-09-30,-2.734693877551016,Ronald Reagan
1388,1986-10-31,-0.3776751993285798,Ronald Reagan
1389,1986-11-30,3.243470935130576,Ronald Reagan
1390,1986-12-31,1.4279885760913913,Ronald Reagan
1391,1987-01-31,6.3958165728077265,Ronald Reagan
1392,1987-02-28,6.20037807183364,Ronald Reagan
1393,1987-03-31,4.1295834816660815,Ronald Reagan
1394,1987-04-30,-1.0940170940170901,Ronald Reagan
1395,1987-05-31,-0.06913238852401957,Ronald Reagan
1396,1987-06-30,4.25458318920787,Ronald Reagan
1397,1987-07-31,2.8865295288653106,Ronald Reagan
1398,1987-08-31,6.223798774588827,Ronald Reagan
1399,1987-09-30,-3.2483302975106225,Ronald Reagan
1400,1987-10-31,-12.080326325698149,Ronald Reagan
1401,1987-11-30,-12.562455389007848,Ronald Reagan
1402,1987-12-31,-1.6326530612244898,Ronald Reagan
1403,1988-01-31,3.941908713692946,Ronald Reagan
1404,1988-02-29,3.033932135728552,Ronald Reagan
1405,1988-03-31,2.9445951181712378,Ronald Reagan
1406,1988-04-30,-1.166729394053431,Ronald Reagan
1407,1988-05-31,-2.4752475247524752,Ronald Reagan
1408,1988-06-30,5.700898086684875,Ronald Reagan
1409,1988-07-31,-0.5910602142593151,Ronald Reagan
1410,1988-08-31,-2.0066889632107148,Ronald Reagan
1411,1988-09-30,1.630640879787642,Ronald Reagan
1412,1988-10-31,3.507462686567156,Ronald Reagan
1413,1988-11-30,-2.3071377072818953,Ronald Reagan
1414,1988-12-31,2.029520295202952,Ronald Reagan
1415,1989-01-31,3.2188065099457424,Ronald Reagan
1416,1989-02-28,3.01331464611073,George H. W. Bush
1417,1989-03-31,-0.4421768707483032,George H. W. Bush
1418,1989-04-30,3.279808677827135,George H. W. Bush
1419,1989-05-31,3.8372477671187446,George H. W. Bush
1420,1989-06-30,3.122013380057347,George H. W. Bush
1421,1989-07-31,2.5332097621254213,George H. W. Bush
1422,1989-08-31,4.4290448930400865,George H. W. Bush
1423,1989-09-30,0.20196191575302613,George H. W. Bush
1424,1989-10-31,0.028793550244735355,George H. W. Bush
1425,1989-11-30,-2.072538860103624,George H. W. Bush
1426,1989-12-31,2.469135802469146,George H. W. Bush
1427,1990-01-31,-2.475616752725185,George H. W. Bush
1428,1990-02-28,-2.8002470806247723,George H. W. Bush
1429,1990-03-31,2.4239673172945957,George H. W. Bush
1430,1990-04-30,-0.08272764876203177,George H. W. Bush
1431,1990-05-31,3.5691052102430634,George H. W. Bush
1432,1990-06-30,2.8950749464668055,George H. W. Bush
1433,1990-07-31,-0.09989178390077795,George H. W. Bush
1434,1990-08-31,-8.132655612032323,George H. W. Bush
1435,1990-09-30,-4.637944066515487,George H. W. Bush
1436,1990-10-31,-2.6283250372531057,George H. W. Bush
1437,1990-11-30,2.660197968220896,George H. W. Bush
1438,1990-12-31,4.269085603729892,George H. W. Bush
1439,1991-01-31,-0.9916349809885905,George H. W. Bush
1440,1991-02-28,11.296814034225317,George H. W. Bush
1441,1991-03-31,2.7659691933970025,George H. W. Bush
1442,1991-04-30,1.9877511550445994,George H. W. Bush
1443,1991-05-31,-0.44511167298777854,George H. W. Bush
1444,1991-06-30,0.07936717902590316,George H. W. Bush
1445,1991-07-31,0.512834069100425,George H. W. Bush
1446,1991-08-31,2.4116981826788937,George H. W. Bush
1447,1991-09-30,-0.5649717514124265,George H. W. Bush
1448,1991-10-31,-0.0826446280991718,George H. W. Bush
1449,1991-11-30,-0.24813895781637188,George H. W. Bush
1450,1991-12-31,0.6711235489220498,George H. W. Bush
1451,1992-01-31,7.096342436488119,George H. W. Bush
1452,1992-02-29,-0.8459911555470059,George H. W. Bush
1453,1992-03-31,-1.2604227263913101,George H. W. Bush
1454,1992-04-30,0.01227415553810177,George H. W. Bush
1455,1992-05-31,1.8163520777594995,George H. W. Bush
1456,1992-06-30,-1.5766254429738966,George H. W. Bush
1457,1992-07-31,1.660665735910067,George H. W. Bush
1458,1992-08-31,0.693892302132272,George H. W. Bush
1459,1992-09-30,0.1316009858110237,George H. W. Bush
1460,1992-10-31,-1.4289810743643705,George H. W. Bush
1461,1992-11-30,2.5066666666666606,George H. W. Bush
1462,1992-12-31,3.027149749314164,George H. W. Bush
1463,1993-01-31,-0.09411440639059043,George H. W. Bush
1464,1993-02-28,1.4865703191415964,Bill Clinton
1465,1993-03-31,1.9153271451211311,Bill Clinton
1466,1993-04-30,-1.5727741247556513,Bill Clinton
1467,1993-05-31,0.4897535433781746,Bill Clinton
1468,1993-06-30,0.6311061201572156,Bill Clinton
1469,1993-07-31,-0.17185198410926703,Bill Clinton
1470,1993-08-31,1.52920923785463,Bill Clinton
1471,1993-09-30,1.1252284588113566,Bill Clinton
1472,1993-10-31,1.0147199721278566,Bill Clinton
1473,1993-11-30,-0.2177193360638049,Bill Clinton
1474,1993-12-31,0.661064183715354,Bill Clinton
1475,1994-01-31,1.5108917265801096,Bill Clinton
1476,1994-02-28,-0.2981035539863475,Bill Clinton
1477,1994-03-31,-1.647652572204076,Bill Clinton
1478,1994-04-30,-3.5747396563247844,Bill Clinton
1479,1994-05-31,0.8206068465889942,Bill Clinton
1480,1994-06-30,0.8715901530272803,Bill Clinton
1481,1994-07-31,-0.7541279159246327,Bill Clinton
1482,1994-08-31,2.8444838280903926,Bill Clinton
1483,1994-09-30,0.5859038428399039,Bill Clinton
1484,1994-10-31,-0.6745759808120562,Bill Clinton
1485,1994-11-30,-0.6036954787520776,Bill Clinton
1486,1994-12-31,-1.2624455000976103,Bill Clinton
1487,1995-01-31,2.210066126233002,Bill Clinton
1488,1995-02-28,3.583019881783991,Bill Clinton
1489,1995-03-31,2.330262284196539,Bill Clinton
1490,1995-04-30,2.993004156950228,Bill Clinton
1491,1995-05-31,3.1304758717095393,Bill Clinton
1492,1995-06-30,2.9667245757049465,Bill Clinton
1493,1995-07-31,3.3410586817465435,Bill Clinton
1494,1995-08-31,0.31218041875235647,Bill Clinton
1495,1995-09-30,3.516302695355112,Bill Clinton
1496,1995-10-31,0.7170378561431964,Bill Clinton
1497,1995-11-30,2.1632471008028573,Bill Clinton
1498,1995-12-31,3.197152116602032,Bill Clinton
1499,1996-01-31,-0.024407309175535893,Bill Clinton
1500,1996-02-29,5.715959766934671,Bill Clinton
1501,1996-03-31,-0.3802691135264824,Bill Clinton
1502,1996-04-30,0.015454278516993377,Bill Clinton
1503,1996-05-31,2.172535809756333,Bill Clinton
1504,1996-06-30,1.0994661464240858,Bill Clinton
1505,1996-07-31,-3.654450261780097,Bill Clinton
1506,1996-08-31,2.88943748350333,Bill Clinton
1507,1996-09-30,1.8410092352266625,Bill Clinton
1508,1996-10-31,3.9384779516358526,Bill Clinton
1509,1996-11-30,4.876970889288045,Bill Clinton
1510,1996-12-31,1.0303532834015308,Bill Clinton
1511,1997-01-31,3.0904809956273165,Bill Clinton
1512,1997-02-28,4.1985330583905345,Bill Clinton
1513,1997-03-31,-0.7803203947945263,Bill Clinton
1514,1997-04-30,-3.5636740052514666,Bill Clinton
1515,1997-05-31,9.053185501289395,Bill Clinton
1516,1997-06-30,5.185514170137672,Bill Clinton
1517,1997-07-31,5.591756153784706,Bill Clinton
1518,1997-08-31,0.21074473948708466,Bill Clinton
1519,1997-09-30,1.0547431085803,Bill Clinton
1520,1997-10-31,1.5090392947855955,Bill Clinton
1521,1997-11-30,-1.2868497413684354,Bill Clinton
1522,1997-12-31,2.497550377028932,Bill Clinton
1523,1998-01-31,0.10287103712709343,Bill Clinton
1524,1998-02-28,6.267646570337153,Bill Clinton
1525,1998-03-31,5.1858870416316565,Bill Clinton
1526,1998-04-30,3.284641029689006,Bill Clinton
1527,1998-05-31,-0.3398669304081975,Bill Clinton
1528,1998-06-30,-0.002706555276878143,Bill Clinton
1529,1998-07-31,4.347747633955541,Bill Clinton
1530,1998-08-31,-7.086409932732715,Bill Clinton
1531,1998-09-30,-5.02317098137015,Bill Clinton
1532,1998-10-31,1.1590766577833556,Bill Clinton
1533,1998-11-30,10.843898612066214,Bill Clinton
1534,1998-12-31,3.986263904301695,Bill Clinton
1535,1999-01-31,4.934246460232766,Bill Clinton
1536,1999-02-28,-0.1753725666055442,Bill Clinton
1537,1999-03-31,2.8140993758924546,Bill Clinton
1538,1999-04-30,4.143064463274184,Bill Clinton
1539,1999-05-31,-0.20153435823669083,Bill Clinton
1540,1999-06-30,-0.7146771566058827,Bill Clinton
1541,1999-07-31,4.418736531700129,Bill Clinton
1542,1999-08-31,-3.8740323970484942,Bill Clinton
1543,1999-09-30,-0.7020768518030219,Bill Clinton
1544,1999-10-31,-1.3776675239157379,Bill Clinton
1545,1999-11-30,6.999176929408237,Bill Clinton
1546,1999-12-31,2.7088425593098533,Bill Clinton
1547,2000-01-31,-0.21628356244926406,Bill Clinton
1548,2000-02-29,-2.575775643768547,Bill Clinton
1549,2000-03-31,3.8405322312383556,Bill Clinton
1550,2000-04-30,1.3278232712295617,Bill Clinton
1551,2000-05-31,-2.9342530245798355,Bill Clinton
1552,2000-06-30,3.0652529468163117,Bill Clinton
1553,2000-07-31,0.7551506197159952,Bill Clinton
1554,2000-08-31,0.845892735913105,Bill Clinton
1555,2000-09-30,-1.172027520094791,Bill Clinton
1556,2000-10-31,-5.307039950955339,Bill Clinton
1557,2000-11-30,-0.8704159293308686,Bill Clinton
1558,2000-12-31,-3.418623552291653,Bill Clinton
1559,2001-01-31,0.35313652859279193,Bill Clinton
1560,2001-02-28,-2.2371465151277006,George W. Bush
1561,2001-03-31,-9.182462186482871,George W. Bush
1562,2001-04-30,0.33646751275456505,George W. Bush
1563,2001-05-31,6.7681368923552725,George W. Bush
1564,2001-06-30,-2.4921873155064946,George W. Bush
1565,2001-07-31,-2.765780529744653,George W. Bush
1566,2001-08-31,-2.154510357424554,George W. Bush
1567,2001-09-30,-11.358506576156122,George W. Bush
1568,2001-10-31,3.0584699035074108,George W. Bush
1569,2001-11-30,4.931310898299274,George W. Bush
1570,2001-12-31,1.3499398059627503,George W. Bush
1571,2002-01-31,-0.4122522774318104,George W. Bush
1572,2002-02-28,-3.467782250638037,George W. Bush
1573,2002-03-31,4.826151344181262,George W. Bush
1574,2002-04-30,-3.628043231437255,George W. Bush
1575,2002-05-31,-2.9390339319921277,George W. Bush
1576,2002-06-30,-6.044012045401901,George W. Bush
1577,2002-07-31,-10.890317745212123,George W. Bush
1578,2002-08-31,0.9916001726446643,George W. Bush
1579,2002-09-30,-4.902745055065477,George W. Bush
1580,2002-10-31,-1.518765628420962,George W. Bush
1581,2002-11-30,6.470636415758861,George W. Bush
1582,2002-12-31,-1.1814095589770641,George W. Bush
1583,2003-01-31,-0.37144954291687077,George W. Bush
1584,2003-02-28,-6.564788355063412,George W. Bush
1585,2003-03-31,1.1469122970502879,George W. Bush
1586,2003-04-30,5.1262062530267025,George W. Bush
1587,2003-05-31,5.16050020785817,George W. Bush
1588,2003-06-30,5.560066669515787,George W. Bush
1589,2003-07-31,0.4595141700404821,George W. Bush
1590,2003-08-31,-0.30326233703427474,George W. Bush
1591,2003-09-30,3.0226471152971697,George W. Bush
1592,2003-10-31,1.8922153339088092,George W. Bush
1593,2003-11-30,1.0753516313190217,George W. Bush
1594,2003-12-31,2.9278978950376233,George W. Bush
1595,2004-01-31,4.80085875037014,George W. Bush
1596,2004-02-29,0.957157489492452,George W. Bush
1597,2004-03-31,-1.6950041981528026,George W. Bush
1598,2004-04-30,0.8345344223206713,George W. Bush
1599,2004-05-31,-2.698171807722165,George W. Bush
1600,2004-06-30,2.7185839424001177,George W. Bush
1601,2004-07-31,-2.375613545676055,George W. Bush
1602,2004-08-31,-1.529140480173609,George W. Bush
1603,2004-09-30,2.6374272228038302,George W. Bush
1604,2004-10-31,-0.04026269169515286,George W. Bush
1605,2004-11-30,4.630284369098023,George W. Bush
1606,2004-12-31,2.5895255530651684,George W. Bush
1607,2005-01-31,-1.484310504415403,George W. Bush
1608,2005-02-28,1.5422249684698814,George W. Bush
1609,2005-03-31,-0.3942882388736542,George W. Bush
1610,2005-04-30,-2.5500041844505836,George W. Bush
1611,2005-05-31,1.189423151241372,George W. Bush
1612,2005-06-30,2.034321213972912,George W. Bush
1613,2005-07-31,1.6627157413183622,George W. Bush
1614,2005-08-31,0.16608849325827765,George W. Bush
1615,2005-09-30,0.1347741919674656,George W. Bush
1616,2005-10-31,-2.770164447924827,George W. Bush
1617,2005-11-30,3.8096916003892622,George W. Bush
1618,2005-12-31,1.9961692945521587,George W. Bush
1619,2006-01-31,1.3200535627976326,George W. Bush
1620,2006-02-28,-0.16266139059847876,George W. Bush
1621,2006-03-31,1.338659773626281,George W. Bush
1622,2006-04-30,0.6515992394144158,George W. Bush
1623,2006-05-31,-0.9338258445517928,George W. Bush
1624,2006-06-30,-2.855791815567315,George W. Bush
1625,2006-07-31,0.5641692667395435,George W. Bush
1626,2006-08-31,2.1353075604646796,George W. Bush
1627,2006-09-30,2.3765683875228154,George W. Bush
1628,2006-10-31,3.463505699151585,George W. Bush
1629,2006-11-30,1.8527483166835355,George W. Bush
1630,2006-12-31,2.0005184929139284,George W. Bush
1631,2007-01-31,0.5464480874316946,George W. Bush
1632,2007-02-28,1.4492753623188315,George W. Bush
1633,2007-03-31,-2.619739756367657,George W. Bush
1634,2007-04-30,4.029283201250937,George W. Bush
1635,2007-05-31,3.2453335519663304,George W. Bush
1636,2007-06-30,0.20183437669573662,George W. Bush
1637,2007-07-31,0.4305932544792913,George W. Bush
1638,2007-08-31,-4.345996278054339,George W. Bush
1639,2007-09-30,2.9217252615803444,George W. Bush
1640,2007-10-31,2.8414555947419173,George W. Bush
1641,2007-11-30,-4.953691074652844,George W. Bush
1642,2007-12-31,1.0817348758704053,George W. Bush
1643,2008-01-31,-6.791417098200406,George W. Bush
1644,2008-02-29,-1.7327163538251835,George W. Bush
1645,2008-03-31,-2.7995305822698735,George W. Bush
1646,2008-04-30,4.0647258037571925,George W. Bush
1647,2008-05-31,2.3896911278612447,George W. Bush
1648,2008-06-30,-4.41627114778866,George W. Bush
1649,2008-07-31,-6.256849953401683,George W. Bush
1650,2008-08-31,1.9199414632594547,George W. Bush
1651,2008-09-30,-5.034842797724487,George W. Bush
1652,2008-10-31,-20.39114178889848,George W. Bush
1653,2008-11-30,-8.85218827415359,George W. Bush
1654,2008-12-31,-0.6205834390288116,George W. Bush
1655,2009-01-31,-1.3651488217329761,George W. Bush
1656,2009-02-28,-6.972203609140694,Barack Obama
1657,2009-03-31,-5.973448579908848,Barack Obama
1658,2009-04-30,12.021713576268274,Barack Obama
1659,2009-05-31,6.3974532806696915,Barack Obama
1660,2009-06-30,2.6274088274731042,Barack Obama
1661,2009-07-31,1.0473804690536912,Barack Obama
1662,2009-08-31,7.8978863456647606,Barack Obama
1663,2009-09-30,3.448446614441478,Barack Obama
1664,2009-10-31,2.212435977215081,Barack Obama
1665,2009-11-30,1.9116572691680735,Barack Obama
1666,2009-12-31,2.0504195502127778,Barack Obama
1667,2010-01-31,1.1887822186998882,Barack Obama
1668,2010-02-28,-3.0634222752273845,Barack Obama
1669,2010-03-31,5.774174593264522,Barack Obama
1670,2010-04-30,3.9295169480491285,Barack Obama
1671,2010-05-31,-6.035145157518458,Barack Obama
1672,2010-06-30,-3.706468988320627,Barack Obama
1673,2010-07-31,-0.3286072958204056,Barack Obama
1674,2010-08-31,0.6927208742359714,Barack Obama
1675,2010-09-30,3.200647487307773,Barack Obama
1676,2010-10-31,4.411450163981178,Barack Obama
1677,2010-11-30,2.331040133836373,Barack Obama
1678,2010-12-31,3.5566232098023898,Barack Obama
1679,2011-01-31,3.309626025951843,Barack Obama
1680,2011-02-28,3.001668459871201,Barack Obama
1681,2011-03-31,-1.2587804287271318,Barack Obama
1682,2011-04-30,2.0713075608092035,Barack Obama
1683,2011-05-31,0.510698380034694,Barack Obama
1684,2011-06-30,-3.812270699613691,Barack Obama
1685,2011-07-31,2.9441695344483443,Barack Obama
1686,2011-08-31,-10.55546751786537,Barack Obama
1687,2011-09-30,-0.964304696661619,Barack Obama
1688,2011-10-31,2.8401540191501615,Barack Obama
1689,2011-11-30,1.5904309073739704,Barack Obama
1690,2011-12-31,1.3779944880220367,Barack Obama
1691,2012-01-31,4.605411318083839,Barack Obama
1692,2012-02-29,3.991296190930207,Barack Obama
1693,2012-03-31,2.7172104784508573,Barack Obama
1694,2012-04-30,-0.20226886643056244,Barack Obama
1695,2012-05-31,-3.2572867003743484,Barack Obama
1696,2012-06-30,-1.3263548726207224,Barack Obama
1697,2012-07-31,2.7427690633783626,Barack Obama
1698,2012-08-31,3.211548927032319,Barack Obama
1699,2012-09-30,2.84798175923617,Barack Obama
1700,2012-10-31,-0.38796746615677596,Barack Obama
1701,2012-11-30,-3.012199023521717,Barack Obama
1702,2012-12-31,1.9920975826634424,Barack Obama
1703,2013-01-31,4.085664667543196,Barack Obama
1704,2013-02-28,2.155498513915148,Barack Obama
1705,2013-03-31,2.5470968253863284,Barack Obama
1706,2013-04-30,1.281249395485006,Barack Obama
1707,2013-05-31,4.401859043738452,Barack Obama
1708,2013-06-30,-1.284881451848957,Barack Obama
1709,2013-07-31,3.0832051495888906,Barack Obama
1710,2013-08-31,0.0844979265047735,Barack Obama
1711,2013-09-30,1.0226993754827678,Barack Obama
1712,2013-10-31,1.947640131107114,Barack Obama
1713,2013-11-30,3.6923774585326994,Barack Obama
1714,2013-12-31,1.3590948338697202,Barack Obama
1715,2014-01-31,0.8065140669771724,Barack Obama
1716,2014-02-28,-0.2919291468206028,Barack Obama
1717,2014-03-31,2.5580064280368084,Barack Obama
1718,2014-04-30,0.0397097965141243,Barack Obama
1719,2014-05-31,1.3683713645092417,Barack Obama
1720,2014-06-30,3.0331733491377224,Barack Obama
1721,2014-07-31,1.335839637613053,Barack Obama
1722,2014-08-31,-0.5863869038568718,Barack Obama
1723,2014-09-30,1.6160854027213474,Barack Obama
1724,2014-10-31,-2.8075033990056357,Barack Obama
1725,2014-11-30,5.538722016032869,Barack Obama
1726,2014-12-31,0.4744273857094668,Barack Obama
1727,2015-01-31,-1.2700375315805574,Barack Obama
1728,2015-02-28,2.6634716839728108,Barack Obama
1729,2015-03-31,-0.10613773892997967,Barack Obama
1730,2015-04-30,0.714907283208109,Barack Obama
1731,2015-05-31,0.8153289479965212,Barack Obama
1732,2015-06-30,-0.598975349678499,Barack Obama
1733,2015-07-31,-0.2453210371125519,Barack Obama
1734,2015-08-31,-2.591517281557106,Barack Obama
1735,2015-09-30,-4.679709981518421,Barack Obama
1736,2015-10-31,4.134930390195477,Barack Obama
1737,2015-11-30,2.7563079992690644,Barack Obama
1738,2015-12-31,-1.2755813171073989,Barack Obama
1739,2016-01-31,-6.595653528587009,Barack Obama
1740,2016-02-29,-0.7390805795892754,Barack Obama
1741,2016-03-31,6.171432772182605,Barack Obama
1742,2016-04-30,2.650411731249532,Barack Obama
1743,2016-05-31,-0.4813205238154785,Barack Obama
1744,2016-06-30,0.88789910677542,Barack Obama
1745,2016-07-31,3.119646430473788,Barack Obama
1746,2016-08-31,1.0261063800083636,Barack Obama
1747,2016-09-30,-0.61079251019138,Barack Obama
1748,2016-10-31,-0.6798937752874635,Barack Obama
1749,2016-11-30,1.0251887523214809,Barack Obama
1750,2016-12-31,3.770918110476276,Barack Obama
1751,2017-01-31,1.2681215865540734,Barack Obama
1752,2017-02-28,2.4082246211188845,Donald Trump
1753,2017-03-31,1.584181363228636,Donald Trump
1754,2017-04-30,-0.3173033859778191,Donald Trump
1755,2017-05-31,1.5275652627251173,Donald Trump
1756,2017-06-30,1.6131254305216305,Donald Trump
1757,2017-07-31,0.8262153911889584,Donald Trump
1758,2017-08-31,0.08638604783830696,Donald Trump
1759,2017-09-30,1.4909087948148108,Donald Trump
1760,2017-10-31,2.5737712809486313,Donald Trump
1761,2017-11-30,1.4317559640203414,Donald Trump
1762,2017-12-31,2.7270869560188316,Donald Trump
1763,2018-01-31,4.708858479022949,Donald Trump
1764,2018-02-28,-3.033909240805804,Donald Trump
1765,2018-03-31,-0.0883496724777785,Donald Trump
1766,2018-04-30,-1.818134728445257,Donald Trump
1767,2018-05-31,1.803567189095679,Donald Trump
1768,2018-06-30,1.956697970379314,Donald Trump
1769,2018-07-31,1.426470855192694,Donald Trump
1770,2018-08-31,2.2973611488953583,Donald Trump
1771,2018-09-30,1.5284377602508148,Donald Trump
1772,2018-10-31,-3.999310701361364,Donald Trump
1773,2018-11-30,-2.234101369253194,Donald Trump
1774,2018-12-31,-5.725553845984367,Donald Trump
1775,2019-01-31,1.5611671360295378,Donald Trump
1776,2019-02-28,5.655847418299536,Donald Trump
1777,2019-03-31,1.7830307166244341,Donald Trump
1778,2019-04-30,3.5599397998559246,Donald Trump
1779,2019-05-31,-1.69054342585578,Donald Trump
1780,2019-06-30,1.2421576972792345,Donald Trump
1781,2019-07-31,3.6655283253234257,Donald Trump
1782,2019-08-31,-3.742519466908762,Donald Trump
